LINKER_ID,LINKER_SEQ,MECHANICAL_PROPERTY,SOLUBILITY,ACC
LK0001,AGLSEAVGLL,flexible,hydrophobic,Q8CH72
LK0002,TEESSAVQYFQFYGYLSQQ,flexible,hydrophilic,Q4AE70
LK0003,GASVLNKWQMFPPKDGFVAL,flexible,hydrophobic,Q92499
LK0004,RANATAKATVAAFAASEGH,flexible,hydrophobic,Q792I0
LK0005,TGKRKRVAGD,flexible,hydrophilic,Q91WL8
LK0006,TGKRKRVAGDFTVD,flexible,hydrophilic,Q9NZC7
LK0007,RAHATAKATVAAFT,flexible,hydrophobic,Q9Z252
LK0008,RAHATAKATVAAFT,flexible,hydrophobic,Q9Z252
LK0009,RAHATAKATVAAFT,flexible,hydrophobic,O88951
LK0010,RAHATAKATVAAFT,flexible,hydrophobic,O88951
LK0011,HEEKVYLSRG,flexible,hydrophilic,Q9BSW2-1
LK0012,HEEKVYLSRG,flexible,hydrophilic,Q9BSW2-1
LK0013,HEEKVYLSRG,flexible,hydrophilic,Q9BSW2
LK0014,HEEKVYLSRG,flexible,hydrophilic,Q9BSW2
LK0015,KPDPVVL,flexible,hydrophobic,Q9Y6R9
LK0016,QAAAGGGTGGGSNNGKTP,flexible,hydrophilic,Q9Z1Z9
LK0017,SSPPSSSSAAT,flexible,hydrophilic,P06536
LK0018,SSPPSSSSTAT,flexible,hydrophilic,P06537
LK0019,SSPPSSSSTATT,flexible,hydrophilic,O46567
LK0020,SSPPSSSSTATT,flexible,hydrophilic,O46567
LK0021,SSPPSSSSTATT,flexible,hydrophilic,O46567
LK0022,SSPPSSSSTATT,flexible,hydrophilic,P04150
LK0023,SSPPSSSSTATT,flexible,hydrophilic,P04150
LK0024,SSPPSSSSTATT,flexible,hydrophilic,P04150
LK0025,SSPPSSSSTATT,flexible,hydrophilic,P04150-8
LK0026,SSPPSSSSTATT,flexible,hydrophilic,P04150-8
LK0027,SSPPSSSSTATT,flexible,hydrophilic,P04150-8
LK0028,HLAVHAENFRS,flexible,hydrophilic,Q9ULP9
LK0029,SFTKSSANED,flexible,hydrophilic,P19793
LK0030,SFTKSSANED,flexible,hydrophilic,P19793
LK0031,SFTKSSANED,flexible,hydrophilic,P19793
LK0032,SFTKSSANED,flexible,hydrophilic,P28700
LK0033,SFTKSSANED,flexible,hydrophilic,P28700
LK0034,SFTKSSANED,flexible,hydrophilic,P28700
LK0035,SFTKSSANED,flexible,hydrophilic,Q05343
LK0036,SFTKSSANED,flexible,hydrophilic,Q05343
LK0037,SFTKSSANED,flexible,hydrophilic,Q05343
LK0038,IEPPPADPRLREDM,flexible,hydrophilic,Q969K4
LK0039,EEVTYDVAQ,flexible,hydrophilic,P50749
LK0040,PYSRLKISSEKWTEYAKTA,flexible,hydrophilic,Q9SXA1
LK0041,AESRKKRRRRHRKEQ,flexible,hydrophilic,Q94BN0
LK0042,QIYHSALSQQLRAFVRS,flexible,hydrophilic,Q94KI8
LK0043,LESSRQLASR,flexible,hydrophilic,Q06787-9
LK0044,LESSRQLASR,flexible,hydrophilic,Q06787-9
LK0045,LESSRQLASR,flexible,hydrophilic,Q06787-9
LK0046,LESSRQLASR,flexible,hydrophilic,Q06787-9
LK0047,LESSRQLASR,flexible,hydrophilic,Q06787-9
LK0048,LESSRQLASR,flexible,hydrophilic,Q06787-9
LK0049,LESSRQLASR,flexible,hydrophilic,Q06787-9
LK0050,LESSRQLASR,flexible,hydrophilic,Q06787-11
LK0051,LESSRQLASR,flexible,hydrophilic,Q06787-11
LK0052,LESSRQLASR,flexible,hydrophilic,Q06787-11
LK0053,LESSRQLASR,flexible,hydrophilic,Q06787-11
LK0054,LESSRQLASR,flexible,hydrophilic,Q06787-11
LK0055,LESSRQLASR,flexible,hydrophilic,Q06787-11
LK0056,LESSRQLASR,flexible,hydrophilic,Q06787-11
LK0057,LESSRQLASR,flexible,hydrophilic,Q06787
LK0058,LESSRQLASR,flexible,hydrophilic,Q06787
LK0059,LESSRQLASR,flexible,hydrophilic,Q06787
LK0060,LESSRQLASR,flexible,hydrophilic,Q06787
LK0061,LESSRQLASR,flexible,hydrophilic,Q06787
LK0062,LESSRQLASR,flexible,hydrophilic,Q06787
LK0063,LESSRQLASR,flexible,hydrophilic,Q06787
LK0064,LESSRQLASR,flexible,hydrophilic,Q06787-10
LK0065,LESSRQLASR,flexible,hydrophilic,Q06787-10
LK0066,LESSRQLASR,flexible,hydrophilic,Q06787-10
LK0067,LESSRQLASR,flexible,hydrophilic,Q06787-10
LK0068,LESSRQLASR,flexible,hydrophilic,Q06787-10
LK0069,LESSRQLASR,flexible,hydrophilic,Q06787-10
LK0070,LESSRQLASR,flexible,hydrophilic,Q06787-10
LK0071,LESSRQLASR,flexible,hydrophilic,P35922-4
LK0072,LESSRQLASR,flexible,hydrophilic,P35922-4
LK0073,LESSRQLASR,flexible,hydrophilic,P35922-4
LK0074,LESSRQLASR,flexible,hydrophilic,P35922-4
LK0075,LESSRQLASR,flexible,hydrophilic,P35922-4
LK0076,LESSRQLASR,flexible,hydrophilic,P35922-4
LK0077,LESSRQLASR,flexible,hydrophilic,P35922-4
LK0078,LESSRQLASR,flexible,hydrophilic,P35922
LK0079,LESSRQLASR,flexible,hydrophilic,P35922
LK0080,LESSRQLASR,flexible,hydrophilic,P35922
LK0081,LESSRQLASR,flexible,hydrophilic,P35922
LK0082,LESSRQLASR,flexible,hydrophilic,P35922
LK0083,LESSRQLASR,flexible,hydrophilic,P35922
LK0084,LESSRQLASR,flexible,hydrophilic,P35922
LK0085,LESSRQLASR,flexible,hydrophilic,Q80WE1
LK0086,LESSRQLASR,flexible,hydrophilic,Q80WE1
LK0087,LESSRQLASR,flexible,hydrophilic,Q80WE1
LK0088,LESSRQLASR,flexible,hydrophilic,Q80WE1
LK0089,LESSRQLASR,flexible,hydrophilic,Q80WE1
LK0090,LESSRQLASR,flexible,hydrophilic,Q80WE1
LK0091,LESSRQLASR,flexible,hydrophilic,Q80WE1
LK0092,QLMPIIVLILVSLLSQLMVS,flexible,hydrophobic,Q8TBM8
LK0093,APGPLPPGRGSE,flexible,hydrophilic,P10085
LK0094,APEGLPTP,flexible,hydrophilic,Q28193
LK0095,APEGLPVP,flexible,hydrophobic,P09958
LK0096,PVEHV,flexible,hydrophobic,Q96C10
LK0097,ELNSLKQRNRKQKEIQ,flexible,hydrophilic,Q6EJ98
LK0098,PEPT,flexible,hydrophilic,P63058
LK0099,RVAAAEHIS,flexible,hydrophobic,O22607
LK0100,RLNYELFKESTDG,flexible,hydrophilic,P21372
LK0101,NASPVTVS,flexible,hydrophobic,E7E2N8
LK0102,GAASVAPPPPSG,flexible,hydrophobic,B7SIW2
LK0103,IDKVQPEIEELDRSPSMPG,flexible,hydrophilic,Q9R0N5
LK0104,IDKVQPEIEELDPSPSMPG,flexible,hydrophilic,P47861
LK0105,TDNMQEMCNAEQVLAQAR,flexible,hydrophilic,A7Y7W2
LK0106,PEPTATSNMS,flexible,hydrophilic,Q924B5
LK0107,VPETTATSNMS,flexible,hydrophilic,Q9JMI7
LK0108,IFMMHIGFE,flexible,hydrophobic,Q9PT63
LK0109,NCRESPAPENNF,flexible,hydrophilic,Q95ZK7
LK0110,VTKPPRGWVFP,flexible,hydrophilic,Q8GXJ4
LK0111,SGRAVTYSRLELE,flexible,hydrophilic,Q03405
LK0112,NTKDYVNIRVGLS,flexible,hydrophilic,Q9W3U1
LK0113,GRPFPRGPVLDLQ,flexible,hydrophilic,P49616
LK0114,QPTCVA,flexible,hydrophobic,Q80Z71
LK0115,ITASLDSDHDD,flexible,hydrophilic,B7ZSK1
LK0116,ISGFEPPQ,flexible,hydrophilic,Q9SCY5
LK0117,LRRAALKALAKALTENELVY,flexible,hydrophobic,Q9ZUZ2
LK0118,PYTGAETRITASD,flexible,hydrophilic,P58215-2
LK0119,LTLDEILA,flexible,hydrophobic,A0A0K3AUE4
LK0120,KTNAAKGKKR,flexible,hydrophilic,Q94C32
LK0121,DEPL,flexible,hydrophilic,P05161
LK0122,KVSKKEFLRLAQTLRHY,flexible,hydrophilic,Q15036
LK0123,GMEIPTNIP,flexible,hydrophilic,P24928
LK0124,GMEIPTNIP,flexible,hydrophilic,P24928
LK0125,GMEIPTNIP,flexible,hydrophilic,P24928
LK0126,GMEIPTNIP,flexible,hydrophilic,P08775
LK0127,GMEIPTNIP,flexible,hydrophilic,P08775
LK0128,GMEIPTNIP,flexible,hydrophilic,P08775
LK0129,GMEIPTNIP,flexible,hydrophilic,P11414
LK0130,GMEIPTNIP,flexible,hydrophilic,P11414
LK0131,GMEIPTNIP,flexible,hydrophilic,P11414
LK0132,APGTEMAQMEANQVAH,flexible,hydrophilic,Q0J7V9
LK0133,EDHP,flexible,hydrophilic,Q922Y2
LK0134,TGTRMRG,flexible,hydrophilic,Q9QZS0
LK0135,KVLEMTGNID,flexible,hydrophilic,P06276
LK0136,TDPEALALADSLGSQ,flexible,hydrophilic,Q9R269
LK0137,AAITSYEKSD,flexible,hydrophilic,P30273
LK0138,DVIEQT,flexible,hydrophilic,Q66S25
LK0139,VNMVPPPTC,flexible,hydrophobic,Q6UXV0
LK0140,NRIIKTTLQ,flexible,hydrophilic,P10646-2
LK0141,LRVNKIKDPKIL,flexible,hydrophilic,P00729
LK0142,ILGDIPEKPKPVE,flexible,hydrophilic,W5U5X5
LK0143,EDEC,flexible,hydrophilic,O22703
LK0144,YIGDIPALPKPVDDKC,flexible,hydrophilic,C0HKG7
LK0145,YIGDIPALPKPVDDKC,flexible,hydrophilic,C0HKG7
LK0146,YIGDIPALPKPVDDKC,flexible,hydrophilic,C0HKG7
LK0147,YIGDIPALPKPVDDKC,flexible,hydrophilic,C0HKG8
LK0148,YIGDIPALPKPVDDKC,flexible,hydrophilic,C0HKG8
LK0149,YIGDIPALPKPVDDKC,flexible,hydrophilic,C0HKG8
LK0150,YIGDIPALPKPVDDKC,flexible,hydrophilic,C0HKG9
LK0151,YIGDIPALPKPVDDKC,flexible,hydrophilic,C0HKG9
LK0152,YIGDIPALPKPVDDKC,flexible,hydrophilic,C0HKG9
LK0153,SGPSGPGES,flexible,hydrophilic,P43082
LK0154,ILAPGPERVAILAAAVAM,flexible,hydrophobic,E9QA28
LK0155,HPPLVNLSVEPQPVLEDNVV,flexible,hydrophobic,Q8IZU9
LK0156,MCPETEEQED,flexible,hydrophilic,Q13224
LK0157,MCPETEEQED,flexible,hydrophilic,Q13224
LK0158,MCPETEEQED,flexible,hydrophilic,Q13224
LK0159,MCPETEEQED,flexible,hydrophilic,Q01097
LK0160,MCPETEEQED,flexible,hydrophilic,Q01097
LK0161,MCPETEEQED,flexible,hydrophilic,Q01097
LK0162,MCPETEEQED,flexible,hydrophilic,Q00960
LK0163,MCPETEEQED,flexible,hydrophilic,Q00960
LK0164,MCPETEEQED,flexible,hydrophilic,Q00960
LK0165,GAPGLPGAPGAAGPAYRDG,flexible,hydrophilic,P17140
LK0166,HRQLTSFIEKGQE,flexible,hydrophilic,P21614
LK0167,EGSVKSTQ,flexible,hydrophilic,Q8CGB3
LK0168,VASPTTASPTLPPY,flexible,hydrophobic,P54254
LK0169,LAQSPETPEMSDEDSCV,flexible,hydrophilic,Q2L4Q9
LK0170,AAVLNALKEY,flexible,hydrophobic,B0Y6C5
LK0171,KALVLADAI,flexible,hydrophobic,Q3T478
LK0172,RSVPLQPQDRF,flexible,hydrophilic,H2A0L6
LK0173,ADAKESNGS,flexible,hydrophilic,Q4G338
LK0174,TPPACLLDGLVRLQHLRFLR,flexible,hydrophobic,Q66K74
LK0175,FEKSFT,flexible,hydrophilic,Q53H82
LK0176,DEDS,flexible,hydrophilic,Q4KWH8
LK0177,TKQLLFRLLDMLSK,flexible,hydrophobic,Q9P2R3
LK0178,VATKQLLFRLLDMLSK,flexible,hydrophobic,Q810B6
LK0179,TPEFLTRIKLFLKPTPNTVH,flexible,hydrophilic,P35354
LK0180,PEEPQQP,flexible,hydrophilic,P08887-2
LK0181,SVKAIVIPPPRPKRKPAH,flexible,hydrophilic,B3H5A8
LK0182,PEFLTRIKLLLKPTPNTVH,flexible,hydrophilic,Q05769
LK0183,SLPPSQM,flexible,hydrophilic,Q8CJ11
LK0184,SLPPSQM,flexible,hydrophilic,Q8CJ11
LK0185,SLPPSQM,flexible,hydrophilic,Q8CJ12
LK0186,SLPPSQM,flexible,hydrophilic,Q8CJ12
LK0187,TPARS,flexible,hydrophilic,Q96M02
LK0188,RARATAKATVAAFAASEGH,flexible,hydrophilic,Q8JZS0
LK0189,GEEEAAPKKIKANRRSN,flexible,hydrophilic,Q9NSI8
LK0190,GAATVTSSSAPSTPTPPA,flexible,hydrophilic,Q66NB7
LK0191,CSHNFWLAIDM,flexible,hydrophobic,P48551-3
LK0192,CSHNFWLAIDM,flexible,hydrophobic,P48551-3
LK0193,CSHNFWLAIDM,flexible,hydrophobic,P48551-3
LK0194,CSHNFWLAIDM,flexible,hydrophobic,P48551
LK0195,CSHNFWLAIDM,flexible,hydrophobic,P48551
LK0196,CSHNFWLAIDM,flexible,hydrophobic,P48551
LK0197,CSHNFWLAIDM,flexible,hydrophobic,P48551-2
LK0198,CSHNFWLAIDM,flexible,hydrophobic,P48551-2
LK0199,CSHNFWLAIDM,flexible,hydrophobic,P48551-2
LK0200,LFQRRIPIS,flexible,hydrophobic,Q96LA5
LK0201,ELFPPAPVSR,flexible,hydrophilic,Q6DN72
LK0202,DADADAPARGPPAPPEPR,flexible,hydrophilic,Q9BXJ3
LK0203,VPYKLAQVEVAMLSKQ,flexible,hydrophobic,Q86DA5
LK0204,MAQDIPLTP,flexible,hydrophobic,Q9Y2J8
LK0205,TSVVELTAEEVKVAE,flexible,hydrophobic,Q3SY69
LK0206,EKPPKEGVY,flexible,hydrophilic,Q9UFN0
LK0207,SEVITNGVLVAHPC,flexible,hydrophobic,Q68DD2
LK0208,DDVPVVFDVHYPTEKLDLGK,flexible,hydrophilic,P42292
LK0209,QLVAASAPPPFSG,flexible,hydrophobic,Q9Y2G2
LK0210,TIDILTGLKRKT,flexible,hydrophilic,Q9FEB5
LK0211,ELSIGLFFAVLVKESG,flexible,hydrophobic,Q8CI75
LK0212,MNKDVIEQAMK,flexible,hydrophilic,Q66S21
LK0213,QILTRDA,flexible,hydrophilic,P35609
LK0214,QILTRDA,flexible,hydrophilic,P35609
LK0215,QILTRDA,flexible,hydrophilic,Q9JI91
LK0216,QILTRDA,flexible,hydrophilic,Q9JI91
LK0217,KASTPVQPMALIV,flexible,hydrophobic,P01730
LK0218,VEPKPTLKY,flexible,hydrophilic,Q99572
LK0219,QLNTAPIQLRVREPGP,flexible,hydrophilic,Q62151-2
LK0220,QLNTAPIQLRVREPGP,flexible,hydrophilic,Q62151-2
LK0221,QLNTAPIQLRVREPGP,flexible,hydrophilic,Q62151-10
LK0222,QLNTAPIQLRVREPGP,flexible,hydrophilic,Q62151-10
LK0223,LPENQPLEG,flexible,hydrophilic,Q9UEF7
LK0224,LRTQKIIWMP,flexible,hydrophilic,Q9Y6J8
LK0225,KDYS,flexible,hydrophilic,P38988
LK0226,KDYS,flexible,hydrophilic,P38988
LK0227,KDYS,flexible,hydrophilic,O74439
LK0228,KDYS,flexible,hydrophilic,O74439
LK0229,LPEEPSAKTVFV,flexible,hydrophobic,P54578
LK0230,PGGTPPGPTGDLS,flexible,hydrophilic,P19171
LK0231,CKDPINHKVVLL,flexible,hydrophobic,Q8BQR7
LK0232,IDKTQIVLWN,flexible,hydrophobic,P27929
LK0233,AENTFIEADL,flexible,hydrophilic,G5EC24
LK0234,FAPVVVVPPR,flexible,hydrophobic,Q8WX77
LK0235,PCVCKICGKAFSRPWLL,flexible,hydrophobic,O43623
LK0236,STSGLSAVDILSKALAKAA,flexible,hydrophobic,Q41382
LK0237,LNIRTSD,flexible,hydrophilic,A4Q9F0
LK0238,LMSVPLI,flexible,hydrophobic,Q8C5L6
LK0239,VHNPHACVYVSREILVKYLP,flexible,hydrophobic,Q9NVD3
LK0240,ELPSGNDTSGLEN,flexible,hydrophilic,P42262
LK0241,ELPSGNDTSGLEN,flexible,hydrophilic,P42262
LK0242,ELPSGNDTSGLEN,flexible,hydrophilic,P23819
LK0243,ELPSGNDTSGLEN,flexible,hydrophilic,P23819
LK0244,LIEARPNT,flexible,hydrophilic,Q9UUC7
LK0245,PGSQHFLSTSVQVPAEQV,flexible,hydrophilic,Q9EPA0
LK0246,PGSQHFLSTSVQVPAEQV,flexible,hydrophilic,Q9EPA0
LK0247,PGSQHFLSTSVQVPAEQV,flexible,hydrophilic,Q05AA6
LK0248,PGSQHFLSTSVQVPAEQV,flexible,hydrophilic,Q05AA6
LK0249,SKVLTIHSAGK,flexible,hydrophobic,Q8N5Y8
LK0250,GSREEV,flexible,hydrophilic,Q23229
LK0251,MVSKPMI,flexible,hydrophobic,P08921
LK0252,SKPQKDNKG,flexible,hydrophilic,O15146
LK0253,IEVLTSGTVYL,flexible,hydrophobic,O88845
LK0254,IEVLTSGTVYL,flexible,hydrophobic,O88845
LK0255,IEVLTSGTVYL,flexible,hydrophobic,O43572
LK0256,IEVLTSGTVYL,flexible,hydrophobic,O43572
LK0257,ESGTQNVT,flexible,hydrophilic,Q9D7S0
LK0258,KLDDSPPMVLPRTSPCLVS,flexible,hydrophilic,O94813
LK0259,KETTKC,flexible,hydrophilic,Q18158
LK0260,GGPTPTPPTPPGGGDLG,flexible,hydrophilic,P08252
LK0261,SPAQC,flexible,hydrophilic,Q9Z132
LK0262,VPVVSAPHSP,flexible,hydrophobic,O75144
LK0263,GGPTPPGGGDLG,flexible,hydrophilic,P24091
LK0264,GGPGPSGDLG,flexible,hydrophilic,Q05538
LK0265,ADFNKDSRVSLAEAKSV,flexible,hydrophilic,Q99ML4
LK0266,GEPGDPGPPGTHG,flexible,hydrophilic,Q2UY11
LK0267,TESPSLASVPTADELFDFHI,flexible,hydrophobic,Q5VT06
LK0268,FPAFPAFPAFPA,flexible,hydrophobic,Q86SG3
LK0269,FPAFPAFPAFPA,flexible,hydrophobic,Q86SG3
LK0270,FPAFPAFPAFPA,flexible,hydrophobic,Q9NQZ3
LK0271,FPAFPAFPAFPA,flexible,hydrophobic,Q9NQZ3
LK0272,QVTSLLQLLLSQVRLN,flexible,hydrophobic,Q9P2K6
LK0273,NPKRNSYTLTIEIP,flexible,hydrophilic,Q9XI84
LK0274,PVKKSLPERSN,flexible,hydrophilic,Q9C587
LK0275,GAEPTFPPLSLPEPDFSYQ,flexible,hydrophilic,Q7TS99
LK0276,RVSKPKI,flexible,hydrophilic,P06729
LK0277,AAPAGE,flexible,hydrophilic,Q16082
LK0278,TTTVTKVTVLVRKHNC,flexible,hydrophobic,G5EDE5
LK0279,GITTNFYE,flexible,hydrophilic,P25808
LK0280,KPEIDLAT,flexible,hydrophilic,Q84WK5
LK0281,ETIFEIDPHLQE,flexible,hydrophilic,Q9UMX1
LK0282,ETIFEIDPHLQE,flexible,hydrophilic,Q9UMX1
LK0283,ETIFEIDPHLQE,flexible,hydrophilic,Q9Z0P7
LK0284,ETIFEIDPHLQE,flexible,hydrophilic,Q9Z0P7
LK0285,EWVSMAGPRLE,flexible,hydrophilic,P49736
LK0286,VTEAEQAEEQARQEEQVVRQ,flexible,hydrophilic,Q12788
LK0287,KQTKFSITKR,flexible,hydrophilic,Q9LZ23
LK0288,ENHTSCIAKEIEFL,flexible,hydrophilic,P41180
LK0289,RPAETARLRALDQADSGC,flexible,hydrophilic,Q9NQG6
LK0290,TTTNSSEGLSMG,flexible,hydrophilic,P19525
LK0291,GKPATLPSMSLS,flexible,hydrophobic,O09112
LK0292,AMINLHI,flexible,hydrophobic,Q9NZ45
LK0293,IGTGGQVVDCSRLF,flexible,hydrophobic,Q9HAU4
LK0294,AFGFPLPLLTVSTV,flexible,hydrophobic,P50111
LK0295,KKRKEFLVL,flexible,hydrophilic,Q9LVD0
LK0296,VNGVIEYPRLELSIPVL,flexible,hydrophobic,Q96285
LK0297,VKRIPYSPK,flexible,hydrophilic,P32497
LK0298,PELWTWLRNSLRPSPSFLH,flexible,hydrophilic,Q8HZR1
LK0299,LLQLAAKTLK,flexible,hydrophobic,Q8R507
LK0300,LLQLAAKTLN,flexible,hydrophobic,O75072
LK0301,RFSRPCECLVVRVAPDLGER,flexible,hydrophilic,Q719H9
LK0302,CSETYETKTALLSLFGIPL,flexible,hydrophobic,Q9UH99
LK0303,SLGQKLVIWGTD,flexible,hydrophobic,Q5XK83
LK0304,FPGPFPAGPLA,flexible,hydrophobic,P11474
LK0305,LVSAPLI,flexible,hydrophobic,Q9BT40
LK0306,NVTLD,flexible,hydrophobic,Q2UGZ7
LK0307,TIWDGEETVY,flexible,hydrophilic,Q61321
LK0308,TEWSPYADQS,flexible,hydrophilic,Q8R0I0
LK0309,LTNEVEECEN,flexible,hydrophilic,Q9BQG2
LK0310,ATVCGRELPDGPSPL,flexible,hydrophilic,O14613
LK0311,KLKANAFNKEALSRIKNLQK,flexible,hydrophilic,P38823
LK0312,SCEQKEWQQSIKSIEEELVE,flexible,hydrophilic,O74531
LK0313,PLTLPEPEG,flexible,hydrophilic,O01367
LK0314,VFPLIVNQ,flexible,hydrophobic,O95376
LK0315,GDGEGAGGAPEE,flexible,hydrophilic,P28702
LK0316,SNFVPPNLPMRRFKEISY,flexible,hydrophilic,P53955
LK0317,ARKRAQTI,flexible,hydrophilic,Q9NPI9
LK0318,SKAAFDQLLEGLS,flexible,hydrophobic,P47169
LK0319,SIPTFAEIYKEKLTP,flexible,hydrophilic,O44249
LK0320,APGGYVAPK,flexible,hydrophilic,P63010
LK0321,KEVAEPEVRMVNGK,flexible,hydrophilic,P70396
LK0322,QNNHVCYWEE,flexible,hydrophilic,Q62521
LK0323,ETRSTHTLDLSILLPQDPS,flexible,hydrophilic,Q08380
LK0324,GRGGGGGRRGGIE,flexible,hydrophilic,O81127
LK0325,DFYEWECKQRMR,flexible,hydrophilic,Q8TC92
LK0326,EERERAEFEEMRETR,flexible,hydrophilic,A8HQ54
LK0327,GVVRADLTGCEPIPVRYL,flexible,hydrophobic,Q13255
LK0328,RPPPGDPVKMN,flexible,hydrophilic,Q9FNQ0
LK0329,IRDDLTGCDLIPVQYL,flexible,hydrophobic,P31424
LK0330,VPRPILPLPCTGGKPSGDT,flexible,hydrophilic,Q6SZW1
LK0331,YKTSVVKK,flexible,hydrophilic,Q9JJY3
LK0332,YKTSVVKK,flexible,hydrophilic,Q9JJY3
LK0333,YKTSVVKK,flexible,hydrophilic,O35049
LK0334,YKTSVVKK,flexible,hydrophilic,O35049
LK0335,LLYKASVVKK,flexible,hydrophobic,Q9NY59
LK0336,TIQATGGVFDPAALQATVS,flexible,hydrophobic,P31368
LK0337,LAVSAKALAFEKAE,flexible,hydrophobic,Q67Y99
LK0338,LTHRQTNTIIAFDVPNG,flexible,hydrophilic,P17948-2
LK0339,DSVIIEANTRKERMRKRNDQ,flexible,hydrophilic,Q9FJX5
LK0340,IYKDTVEL,flexible,hydrophilic,Q8SWX0
LK0341,VRGGGKGG,flexible,hydrophilic,Q14247
LK0342,DPVTSPVLNIMVIQTETDR,flexible,hydrophilic,Q7Z6M3
LK0343,HGLNAYMEYIDSKHKSLE,flexible,hydrophilic,H2A0L5
LK0344,KQSKKKSIKP,flexible,hydrophilic,P20448
LK0345,HTTVGVGGR,flexible,hydrophilic,Q01094
LK0346,TITSAKTLFELAAES,flexible,hydrophobic,Q15582
LK0347,KFKTLESMVEDADMR,flexible,hydrophilic,Q8MT06
LK0348,TVTSAKTLFELAAES,flexible,hydrophobic,O11780
LK0349,QFPEAPLPVPCNPNDVS,flexible,hydrophilic,P34914
LK0350,LLSTDDLFEMTSKEF,flexible,hydrophilic,Q8BGW0
LK0351,GRGVVIKNYTEELKVPPD,flexible,hydrophilic,Q86UW9
LK0352,ARQKRLAAKSEIILNC,flexible,hydrophilic,Q54NW4
LK0353,GTLPEVT,flexible,hydrophobic,Q9ULC6
LK0354,DQFEIPNSEELAQMKEDNA,flexible,hydrophilic,Q9FX64
LK0355,SNLELPEAV,flexible,hydrophobic,Q9UM07
LK0356,ELQLVENSD,flexible,hydrophilic,Q9FVC1
LK0357,EVRHFKPFDSSNYNK,flexible,hydrophilic,Q8VI95
LK0358,ADGDRDGQVSLGEAKSA,flexible,hydrophilic,Q9D6I7
LK0359,DLQFSEDEKRLLLEK,flexible,hydrophilic,Q9Z2A0
LK0360,VLAKEEARRALETP,flexible,hydrophilic,Q9UGK3
LK0361,ERPSGPG,flexible,hydrophilic,P14373
LK0362,FSSPEVPEGAP,flexible,hydrophilic,Q18066
LK0363,NRPPKLPDNFA,flexible,hydrophilic,A7M7C7
LK0364,NRPPKLPDNFA,flexible,hydrophilic,A7M7C7
LK0365,NRPPKLPDNFA,flexible,hydrophilic,Q2VWA4
LK0366,NRPPKLPDNFA,flexible,hydrophilic,Q2VWA4
LK0367,SAAQGGGGAPEAPPALVDMP,flexible,hydrophilic,Q8GSI0
LK0368,KAIMLAAAELAAMRLRDLP,flexible,hydrophobic,Q6ATB4
LK0369,EVLTKEEVRRAAEVP,flexible,hydrophilic,Q8R0L1
LK0370,QVNALCLFLLKKTIR,flexible,hydrophobic,Q580P9
LK0371,CNLPEAKRRILREHLNAAPR,flexible,hydrophilic,Q9UBD5
LK0372,EENKEEEGSEPPKAETQ,flexible,hydrophilic,Q9UNP9
LK0373,ATVELCHAHKTM,flexible,hydrophobic,Q9LUI2
LK0374,ERPELPTCL,flexible,hydrophilic,Q13057
LK0375,TPSTAMET,flexible,hydrophilic,Q9NVV4
LK0376,LMDLSPW,flexible,hydrophobic,P38435
LK0377,LNQTVPPTTMEGA,flexible,hydrophilic,O14021
LK0378,KGTPKLKLKWKCKKEDE,flexible,hydrophilic,D3ZSC8
LK0379,SAPL,flexible,hydrophobic,G5EFF1
LK0380,IQTDVVLPSCKKK,flexible,hydrophilic,Q8IUH3
LK0381,LIFNEELRI,flexible,hydrophobic,O13865
LK0382,FPVEMVIDEDSVEIQLT,flexible,hydrophobic,Q9LTQ0
LK0383,QEIEEEQEKAKLQVEQE,flexible,hydrophilic,Q05946
LK0384,SLHAYLCQLLHSINLRSG,flexible,hydrophobic,O94525
LK0385,AETVTH,flexible,hydrophilic,A2CI98
LK0386,AVIIGPD,flexible,hydrophobic,A7Y7X5
LK0387,SETVDPEME,flexible,hydrophilic,O43823
LK0388,LVEKFGKEWAHATIIPKVLA,rigid,hydrophobic,Q32PI5
LK0389,LVEKFGKEWAHATIIPKVLA,rigid,hydrophobic,Q32PI5
LK0390,LVEKFGKEWAHATIIPKVLA,rigid,hydrophobic,P30153
LK0391,LVEKFGKEWAHATIIPKVLA,rigid,hydrophobic,P30153
LK0392,LGIVGLCILLPLM,rigid,hydrophobic,Q7XVN7
LK0393,HMYSGAKTGLVL,rigid,hydrophobic,Q9BRD0
LK0394,RSLSCRHCRAPCCGADVKAH,rigid,hydrophilic,Q12933
LK0395,QYGRL,rigid,hydrophilic,Q2TBS2
LK0396,ETRVLQASQAGPPFFCYTC,rigid,hydrophobic,Q9NU63
LK0397,KGDGEDNRPGM,rigid,hydrophilic,Q99PV3
LK0398,KGDGEDNRPGM,rigid,hydrophilic,Q99PV3
LK0399,KGDGEDNRPGM,rigid,hydrophilic,O89050
LK0400,KGDGEDNRPGM,rigid,hydrophilic,O89050
LK0401,QRTAPIQPRVWEPVPLEE,rigid,hydrophilic,Q15109-10
LK0402,LTSSKFEEFMTRHQVHEKE,rigid,hydrophilic,P21359
LK0403,RRAYAA,rigid,hydrophilic,P60827
LK0404,FPTSS,rigid,hydrophilic,Q15696
LK0405,GQFGSVEECLLDENS,rigid,hydrophilic,P11279
LK0406,DTSSPLMATQSSAETHW,rigid,hydrophilic,Q60902
LK0407,FNKQKAID,rigid,hydrophilic,Q8K0T0
LK0408,HSGPAPLAASPRG,rigid,hydrophilic,Q7T0L4
LK0409,KKRQKKKSYKN,rigid,hydrophilic,O75131
LK0410,RARWRDCSRPCPPGRQKS,rigid,hydrophilic,P14222
LK0411,GQVLFAFNYKEKFP,rigid,hydrophilic,Q9Z2C4
LK0412,TVMRL,rigid,hydrophobic,Q9Y4X5
LK0413,TVANL,rigid,hydrophobic,Q94981
LK0414,MFKVTRKRKSRRGGAQSML,rigid,hydrophilic,Q6NM26
LK0415,IFKMHRKRKPRRGGSYSTL,rigid,hydrophilic,Q84J70
LK0416,STGSSECFKIDQPSTGDAS,rigid,hydrophilic,O60346-2
LK0417,STGSSECFKIDQPSAGDAS,rigid,hydrophilic,Q9WTR8-2
LK0418,STGSSECFKIDQPSAGDAS,rigid,hydrophilic,Q9WTR8-2
LK0419,STGSSECFKIDQPSAGDAS,rigid,hydrophilic,Q9WTR8
LK0420,STGSSECFKIDQPSAGDAS,rigid,hydrophilic,Q9WTR8
LK0421,EKVP,rigid,hydrophilic,Q7YRQ8
LK0422,SRTE,rigid,hydrophilic,Q9M8J9
LK0423,QVPRVLDIEHKETLQP,rigid,hydrophilic,Q95P07
LK0424,TFGMGSAMLDEA,rigid,hydrophobic,Q9V4Z9
LK0425,PLLTRHNHLKDF,rigid,hydrophilic,P84903
LK0426,PLLTRHNHLKDF,rigid,hydrophilic,P84903
LK0427,PLLTRHNHLKDF,rigid,hydrophilic,Q13586
LK0428,PLLTRHNHLKDF,rigid,hydrophilic,Q13586
LK0429,AHEL,rigid,hydrophilic,Q60591
LK0430,VLDSG,rigid,hydrophobic,A0A140G945
LK0431,CGPWARFCNRFVD,rigid,hydrophilic,Q8IZP1
LK0432,CSSRPLQKGSQ,rigid,hydrophilic,Q91Z63
LK0433,CSSRPLQKGSQ,rigid,hydrophilic,Q91Z63
LK0434,CSSRPLQKGSQ,rigid,hydrophilic,Q38HM4
LK0435,CSSRPLQKGSQ,rigid,hydrophilic,Q38HM4
LK0436,EVEEQCHQLGMP,rigid,hydrophilic,Q99MJ6
LK0437,EAKAEKETEL,rigid,hydrophilic,Q14134
LK0438,AAAL,rigid,hydrophobic,Q6NZ36
LK0439,EKYTYGS,rigid,hydrophilic,O04023
LK0440,LRVPSPSGTQAR,rigid,hydrophilic,Q91ZU9
LK0441,KQKLMLKESSAGDS,rigid,hydrophilic,Q7TMF2
LK0442,RKKVMG,rigid,hydrophilic,Q92888
LK0443,TVEVAAPLETTKLMSRGN,rigid,hydrophilic,Q9NFU0
LK0444,NHPDVANKL,rigid,hydrophilic,Q9DAN6
LK0445,SLIGDA,rigid,hydrophobic,Q9W1I9
LK0446,GGSSSEHSNLTSLD,rigid,hydrophilic,Q9C811
LK0447,AESEEKKRRGILEIES,rigid,hydrophilic,O88387
LK0448,AEEPEAVLKGAKPKLMSAI,rigid,hydrophilic,P49327
LK0449,QCNP,rigid,hydrophilic,Q9UTP4
LK0450,LDSITLMYPFFYRPMFEVIE,rigid,hydrophobic,Q96QG7
LK0451,LDSVTLMYPFFYRPMFEVIE,rigid,hydrophobic,Q9Z2D0
LK0452,HQHR,rigid,hydrophilic,Q8K341
LK0453,VLRFGYFGR,rigid,hydrophobic,H9BFW7
LK0454,ESPNIS,rigid,hydrophilic,Q9H6K1
LK0455,DVDHP,rigid,hydrophilic,O88597
LK0456,DVDHP,rigid,hydrophilic,O88597
LK0457,DVDHP,rigid,hydrophilic,Q14457
LK0458,DVDHP,rigid,hydrophilic,Q14457
LK0459,KKVLESVFRIPPELD,rigid,hydrophilic,Q9BYE7
LK0460,KYEELYCFSFNPKLDKEERE,rigid,hydrophilic,Q9Z2C9
LK0461,KYEELYCFSFNPMLDKEERE,rigid,hydrophilic,Q9Y216
LK0462,GVTTLMELSKGLYTLQ,rigid,hydrophobic,Q4QR00
LK0463,DAYLHNEYESNLY,rigid,hydrophilic,Q53EK2
LK0464,DLQEPLQKKFCFPPVKENI,rigid,hydrophilic,O35826
LK0465,SHHPTFRKIYC,rigid,hydrophilic,P59178
LK0466,GLPLFAFEYKEVFP,rigid,hydrophobic,Q9Z2D1
LK0467,NLPLFAFEYKEVFP,rigid,hydrophobic,Q13614
LK0468,ASVENRVLKANIET,rigid,hydrophilic,B9DGI8
LK0469,PDPPDQVEITQGPASGVVS,rigid,hydrophilic,Q9D2Z1
LK0470,SLLPSLSPPTTGQV,rigid,hydrophobic,Q61400
LK0471,DPLLSRAYWDGEKE,rigid,hydrophilic,Q9DBV4
LK0472,QGQFLP,rigid,hydrophilic,Q99J87
LK0473,EELKAASRGNGEY,rigid,hydrophilic,Q9CZW6
LK0474,RPEP,rigid,hydrophilic,Q98867
LK0475,PQPEDTP,rigid,hydrophilic,O60610
LK0476,SPVKNL,rigid,hydrophilic,P92199
LK0477,DQPSPPLPLLALMGKAIED,rigid,hydrophilic,P41829
LK0478,QEIAVCR,rigid,hydrophobic,Q6H7M3
LK0479,ITFAQ,rigid,hydrophobic,Q9P2D7
LK0480,GWNQLSKYT,rigid,hydrophilic,P35523
LK0481,EESSAELDYQDPDATS,rigid,hydrophilic,Q86WJ1
LK0482,RNQEDSEVAPSCVV,rigid,hydrophilic,Q9QZR6
LK0483,KRGPECQSSVSEDFKITDYP,rigid,hydrophilic,O14786-2
LK0484,SGRNVETGQE,rigid,hydrophilic,O14503
LK0485,VRDIA,rigid,hydrophobic,Q9Z2D8
LK0486,FQEAAE,rigid,hydrophilic,Q5U2Z2
LK0487,EKDRKE,rigid,hydrophilic,Q6JP77
LK0488,EKNGGE,rigid,hydrophilic,Q9P0M2
LK0489,GWNQLSKFT,rigid,hydrophilic,P35524
LK0490,YQNFLAELGGTVPES,rigid,hydrophilic,Q9LU44
LK0491,ADASSSSEVKG,rigid,hydrophilic,Q8CCG4
LK0492,SRLLD,rigid,hydrophilic,Q5BKC9
LK0493,TRRERAFDANTMTSLDYL,rigid,hydrophilic,O15344
LK0494,SAGEPLYENSPEFTPYLET,rigid,hydrophilic,P13726-2
LK0495,SSDSAGSFEPPVISNISKEL,rigid,hydrophilic,Q9Y7X7
LK0496,EEYLTSMYNLNT,rigid,hydrophilic,Q07913
LK0497,LDSDHRELIGD,rigid,hydrophilic,P30305
LK0498,PLGVQGL,rigid,hydrophobic,O75469
LK0499,RPCILR,rigid,hydrophobic,P28829
LK0500,AKCNSTSSLHFQGSG,rigid,hydrophilic,Q5T1M5
LK0501,PSEGTAPSYLENATP,rigid,hydrophilic,Q9H4W6
LK0502,PSEGTPSYLEHATP,rigid,hydrophilic,Q07802
LK0503,TPYKGGNLYHTDVSLFGEP,rigid,hydrophilic,Q13439
LK0504,GNLYHTEVSLFGEP,rigid,hydrophilic,Q91VW5
LK0505,LDKTHQTQPLW,rigid,hydrophilic,Q9CQ84
LK0506,QFLEQKY,rigid,hydrophilic,Q80SU3
LK0507,LLIGGGTAAFAAAR,rigid,hydrophobic,O95831
LK0508,LLIGGGTAAFAAAR,rigid,hydrophobic,O95831
LK0509,LLIGGGTAAFAAAR,rigid,hydrophobic,O95831
LK0510,LLIGGGTAAFAAAR,rigid,hydrophobic,O95831-4
LK0511,LLIGGGTAAFAAAR,rigid,hydrophobic,O95831-4
LK0512,LLIGGGTAAFAAAR,rigid,hydrophobic,O95831-4
LK0513,LLIGGGTAAFAAAR,rigid,hydrophobic,O95831-3
LK0514,LLIGGGTAAFAAAR,rigid,hydrophobic,O95831-3
LK0515,LLIGGGTAAFAAAR,rigid,hydrophobic,O95831-3
LK0516,HVPFLLIGGGTAAFAAAR,rigid,hydrophobic,Q9Z0X1-2
LK0517,HVPFLLIGGGTAAFAAAR,rigid,hydrophobic,Q9Z0X1-2
LK0518,HVPFLLIGGGTAAFAAAR,rigid,hydrophobic,Q9Z0X1
LK0519,HVPFLLIGGGTAAFAAAR,rigid,hydrophobic,Q9Z0X1
LK0520,VEEYQLKEYV,rigid,hydrophilic,Q9FFA2
LK0521,VAQHSRKSQNDHKD,rigid,hydrophilic,P34299
LK0522,WLFRIPLKEYSFEKVREESS,rigid,hydrophilic,Q8BGR2
LK0523,WLFRIPLKEYSFEKVREESS,rigid,hydrophilic,Q8BGR2
LK0524,WLFRIPLKEYSFEKVREESS,rigid,hydrophilic,Q8BGR2
LK0525,WLFRIPLKEYSFEKVREESS,rigid,hydrophilic,Q5U308
LK0526,WLFRIPLKEYSFEKVREESS,rigid,hydrophilic,Q5U308
LK0527,WLFRIPLKEYSFEKVREESS,rigid,hydrophilic,Q5U308
LK0528,WLFRIPLKEYSFEKVREESS,rigid,hydrophilic,Q7L1W4
LK0529,WLFRIPLKEYSFEKVREESS,rigid,hydrophilic,Q7L1W4
LK0530,WLFRIPLKEYSFEKVREESS,rigid,hydrophilic,Q7L1W4
LK0531,TSETPRGWVFP,rigid,hydrophilic,Q93YT1
LK0532,REVF,rigid,hydrophilic,P50133
LK0533,REVF,rigid,hydrophilic,P50133
LK0534,REVF,rigid,hydrophilic,P50133
LK0535,REVF,rigid,hydrophilic,P50133
LK0536,REVF,rigid,hydrophilic,P50133
LK0537,REVF,rigid,hydrophilic,P50133
LK0538,REVF,rigid,hydrophilic,P25961
LK0539,REVF,rigid,hydrophilic,P25961
LK0540,REVF,rigid,hydrophilic,P25961
LK0541,REVF,rigid,hydrophilic,P25961
LK0542,REVF,rigid,hydrophilic,P25961
LK0543,REVF,rigid,hydrophilic,P25961
LK0544,REVF,rigid,hydrophilic,P25107
LK0545,REVF,rigid,hydrophilic,P25107
LK0546,REVF,rigid,hydrophilic,P25107
LK0547,REVF,rigid,hydrophilic,P25107
LK0548,REVF,rigid,hydrophilic,P25107
LK0549,REVF,rigid,hydrophilic,P25107
LK0550,REVF,rigid,hydrophilic,Q9TU31
LK0551,REVF,rigid,hydrophilic,Q9TU31
LK0552,REVF,rigid,hydrophilic,Q9TU31
LK0553,REVF,rigid,hydrophilic,Q9TU31
LK0554,REVF,rigid,hydrophilic,Q9TU31
LK0555,REVF,rigid,hydrophilic,Q9TU31
LK0556,REVF,rigid,hydrophilic,Q03431
LK0557,REVF,rigid,hydrophilic,Q03431
LK0558,REVF,rigid,hydrophilic,Q03431
LK0559,REVF,rigid,hydrophilic,Q03431
LK0560,REVF,rigid,hydrophilic,Q03431
LK0561,REVF,rigid,hydrophilic,Q03431
LK0562,REVF,rigid,hydrophilic,P41593
LK0563,REVF,rigid,hydrophilic,P41593
LK0564,REVF,rigid,hydrophilic,P41593
LK0565,REVF,rigid,hydrophilic,P41593
LK0566,REVF,rigid,hydrophilic,P41593
LK0567,REVF,rigid,hydrophilic,P41593
LK0568,AQEL,rigid,hydrophilic,Q14934
LK0569,AQEL,rigid,hydrophilic,Q14934
LK0570,AQEL,rigid,hydrophilic,Q8K120
LK0571,AQEL,rigid,hydrophilic,Q8K120
LK0572,ENQWRPPLPDNYPEGIDLET,rigid,hydrophilic,P09470
LK0573,LVLLN,rigid,hydrophobic,Q4W815
LK0574,QVPRIEYKNTLPP,rigid,hydrophilic,Q8T115
LK0575,ILPTMLSPLGKA,rigid,hydrophobic,Q9LS26
LK0576,ERASLGAGD,rigid,hydrophilic,P61372-2
LK0577,ERASLGAGD,rigid,hydrophilic,P61372-2
LK0578,ERASLGAGD,rigid,hydrophilic,P61372
LK0579,ERASLGAGD,rigid,hydrophilic,P61372
LK0580,SLPESELVPF,rigid,hydrophobic,Q9NPF8
LK0581,QPLD,rigid,hydrophilic,Q7TN98
LK0582,QPLD,rigid,hydrophilic,Q7TN98
LK0583,QPLD,rigid,hydrophilic,Q7TN98
LK0584,QPLD,rigid,hydrophilic,Q812E0
LK0585,QPLD,rigid,hydrophilic,Q812E0
LK0586,QPLD,rigid,hydrophilic,Q812E0
LK0587,QPLD,rigid,hydrophilic,Q8NE35
LK0588,QPLD,rigid,hydrophilic,Q8NE35
LK0589,QPLD,rigid,hydrophilic,Q8NE35
LK0590,HQWRTWA,rigid,hydrophilic,A0A072VMJ3
LK0591,DKFGAMEECQLDENNM,rigid,hydrophilic,P05300
LK0592,RRTKVMAKCISP,rigid,hydrophilic,Q96NN9
LK0593,YEYHPVC,rigid,hydrophilic,Q9CRB9
LK0594,ESHPVC,rigid,hydrophilic,Q9NX63
LK0595,KRMKEAPQTCKLPGQP,rigid,hydrophilic,Q99J31
LK0596,DVSTPPTVLPDNFPRYPVGK,rigid,hydrophilic,P01344
LK0597,DVSTSQAVLPDDFPRYPVGK,rigid,hydrophilic,P09535
LK0598,NRSDSSPKRRKDFNLKH,rigid,hydrophilic,Q12369
LK0599,NNSHDRVKIKLGVS,rigid,hydrophilic,Q86TU7
LK0600,NNSHDRVKIKLGVS,rigid,hydrophilic,Q86TU7
LK0601,NNSHDRVKIKLGVS,rigid,hydrophilic,Q91WC0
LK0602,NNSHDRVKIKLGVS,rigid,hydrophilic,Q91WC0
LK0603,PGGKTPFKKG,rigid,hydrophilic,Q96QF0
LK0604,KKMKENPHEHKNISPYT,rigid,hydrophilic,Q5ZMW5
LK0605,FVGNCYAVSPAAVTRRFP,rigid,hydrophobic,Q9ZR12
LK0606,FVPENPESIVEFEAPP,rigid,hydrophilic,Q84VQ1
LK0607,LFTTPGHLL,rigid,hydrophobic,P29728
LK0608,NQMNKKKTSGNQD,rigid,hydrophilic,P21575-2
LK0609,NQMNKKKTSGNQD,rigid,hydrophilic,P21575-2
LK0610,NQMNKKKTSGNQD,rigid,hydrophilic,P21575-2
LK0611,NQMNKKKTSGNQD,rigid,hydrophilic,P21575-6
LK0612,NQMNKKKTSGNQD,rigid,hydrophilic,P21575-6
LK0613,NQMNKKKTSGNQD,rigid,hydrophilic,P21575-6
LK0614,NQMNKKKTSGNQD,rigid,hydrophilic,P39053
LK0615,NQMNKKKTSGNQD,rigid,hydrophilic,P39053
LK0616,NQMNKKKTSGNQD,rigid,hydrophilic,P39053
LK0617,TQLNKKRAIPNQGEILV,rigid,hydrophilic,P39054
LK0618,TQLNKKRAIPNQGEILV,rigid,hydrophilic,P39054
LK0619,TQLNKKRAIPNQGEILV,rigid,hydrophilic,P39052
LK0620,TQLNKKRAIPNQGEILV,rigid,hydrophilic,P39052
LK0621,QGPMPETCVHYVGGPLHL,rigid,hydrophilic,Q9H6R4
LK0622,QYRQLNLDMFKNFKADD,rigid,hydrophilic,Q8IUQ0
LK0623,QYRQLNLDMFKNFKADD,rigid,hydrophilic,Q8IUQ0
LK0624,QYRQLNLDMFKNFKADD,rigid,hydrophilic,A6JFQ6
LK0625,QYRQLNLDMFKNFKADD,rigid,hydrophilic,A6JFQ6
LK0626,DPVTDKGLK,rigid,hydrophilic,A8MVW5
LK0627,QQISNDS,rigid,hydrophilic,P19492
LK0628,RQMNV,rigid,hydrophilic,Q9Y7X9
LK0629,FQEC,rigid,hydrophilic,Q8JG54
LK0630,DTAIQNKENELV,rigid,hydrophilic,Q9SAR1
LK0631,FKESDAMFAAER,rigid,hydrophilic,O14964
LK0632,ANKISPI,rigid,hydrophobic,P04115
LK0633,YKSFSDCEPDD,rigid,hydrophilic,P35436
LK0634,YKSFSDCEPDD,rigid,hydrophilic,P35436
LK0635,YKSFSDCEPDD,rigid,hydrophilic,Q00959
LK0636,YKSFSDCEPDD,rigid,hydrophilic,Q00959
LK0637,RYKSFSDCEPDD,rigid,hydrophilic,Q12879
LK0638,LRVRTKHTSGLSYGQESGP,rigid,hydrophilic,Q6ZMZ0
LK0639,KDNEKT,rigid,hydrophilic,Q9FK15
LK0640,GVFCIGS,rigid,hydrophobic,Q9H9Z2
LK0641,GVFCIGS,rigid,hydrophobic,Q9H9Z2
LK0642,GVFCIGS,rigid,hydrophobic,Q8K3Y3
LK0643,GVFCIGS,rigid,hydrophobic,Q8K3Y3
LK0644,KEETCLDPQHPVMPRKVCP,rigid,hydrophilic,Q96LB9
LK0645,GYQMSVAGIFLIFIEI,rigid,hydrophobic,A0A1L8F5J9
LK0646,GYQMSVAGIFLIFIEI,rigid,hydrophobic,A0A1L8F5J9
LK0647,GYQMSVAGIFLIFIEI,rigid,hydrophobic,A0A1L8F5J9
LK0648,GYQMSVAGIFLIFIEI,rigid,hydrophobic,A0A1L8F5J9
LK0649,GYQMSVAGIFLIFIEI,rigid,hydrophobic,A0A1L8F5J9
LK0650,GYQMSVAGIFLIFIEI,rigid,hydrophobic,A0A1L8F5J9-7
LK0651,GYQMSVAGIFLIFIEI,rigid,hydrophobic,A0A1L8F5J9-7
LK0652,GYQMSVAGIFLIFIEI,rigid,hydrophobic,A0A1L8F5J9-7
LK0653,GYQMSVAGIFLIFIEI,rigid,hydrophobic,A0A1L8F5J9-7
LK0654,GYQMSVAGIFLIFIEI,rigid,hydrophobic,A0A1L8F5J9-7
LK0655,GYQMSVAGIFLIFIEI,rigid,hydrophobic,P35438
LK0656,GYQMSVAGIFLIFIEI,rigid,hydrophobic,P35438
LK0657,GYQMSVAGIFLIFIEI,rigid,hydrophobic,P35438
LK0658,GYQMSVAGIFLIFIEI,rigid,hydrophobic,P35438
LK0659,GYQMSVAGIFLIFIEI,rigid,hydrophobic,P35438
LK0660,GYQMSVAGIFLIFIEI,rigid,hydrophobic,P35439
LK0661,GYQMSVAGIFLIFIEI,rigid,hydrophobic,P35439
LK0662,GYQMSVAGIFLIFIEI,rigid,hydrophobic,P35439
LK0663,GYQMSVAGIFLIFIEI,rigid,hydrophobic,P35439
LK0664,GYQMSVAGIFLIFIEI,rigid,hydrophobic,P35439
LK0665,GYQMSVAGIFLIFIEI,rigid,hydrophobic,Q05586
LK0666,GYQMSVAGIFLIFIEI,rigid,hydrophobic,Q05586
LK0667,GYQMSVAGIFLIFIEI,rigid,hydrophobic,Q05586
LK0668,GYQMSVAGIFLIFIEI,rigid,hydrophobic,Q05586
LK0669,GYQMSVAGIFLIFIEI,rigid,hydrophobic,Q05586
LK0670,FRGSE,rigid,hydrophilic,Q9LUB7
LK0671,EKIEERILANPDESDDVM,rigid,hydrophilic,O14236
LK0672,QHEC,rigid,hydrophilic,Q7TQ33
LK0673,DVRKEHC,rigid,hydrophilic,P51865
LK0674,IFLRTKKLKSLVGSYDL,rigid,hydrophobic,Q6RET7
LK0675,IVHC,rigid,hydrophobic,Q2TJ95
LK0676,KPRCGVPDVGEYNVFPRTL,rigid,hydrophilic,P45452
LK0677,SRTALEDLASDKFFEDRIP,rigid,hydrophilic,F4IS91
LK0678,HNYASSSRSASASTGDYDRN,rigid,hydrophilic,Q03445
LK0679,KWKTKKGKDVSQKDFIKKP,rigid,hydrophilic,Q20930
LK0680,MGGC,rigid,hydrophobic,O70299
LK0681,ACIVNC,rigid,hydrophobic,P16581
LK0682,KAGPCVINGVTNSC,rigid,hydrophobic,O70534
LK0683,DRIPGTVAPLPGSV,rigid,hydrophobic,Q9SIP1
LK0684,KLISDRPESCRRP,rigid,hydrophilic,Q8K3Q3
LK0685,ASYRKIN,rigid,hydrophilic,Q9BQ51
LK0686,TKYA,rigid,hydrophilic,P39719
LK0687,NTPPW,rigid,hydrophilic,P20916
LK0688,KKATSFAPEDSAPC,rigid,hydrophilic,B7U179
LK0689,FEMPASKM,rigid,hydrophilic,O08601
LK0690,FEMPASKM,rigid,hydrophilic,O08601
LK0691,FEMPASKM,rigid,hydrophilic,O08601-2
LK0692,FEMPASKM,rigid,hydrophilic,O08601-2
LK0693,EMPASKI,rigid,hydrophilic,P55157
LK0694,ACSHQRC,rigid,hydrophilic,Q8VEI3
LK0695,QIGTSSAKQVIELAGKQQT,rigid,hydrophilic,Q15063
LK0696,QIGTSSAKQVIELAGKQQT,rigid,hydrophilic,Q15063
LK0697,QIGTSSAKQVIELAGKQQT,rigid,hydrophilic,Q62009
LK0698,QIGTSSAKQVIELAGKQQT,rigid,hydrophilic,Q62009
LK0699,GHLSK,rigid,hydrophilic,B6A8C7
LK0700,NGIQT,rigid,hydrophilic,Q08851
LK0701,TGAYSK,rigid,hydrophilic,Q8NHJ6
LK0702,WLFHRPLKEYSFRSVREET,rigid,hydrophilic,Q6NSJ5
LK0703,WLFHRPLKEYSFRSVREET,rigid,hydrophilic,Q6NSJ5
LK0704,WLFHRPLKEYSFRSVREET,rigid,hydrophilic,Q3KRC6
LK0705,WLFHRPLKEYSFRSVREET,rigid,hydrophilic,Q3KRC6
LK0706,WLFYRSLREYSFEYVRQ,rigid,hydrophilic,Q8TDW0
LK0707,WLFYRSLREYSFEYVRQ,rigid,hydrophilic,Q8TDW0
LK0708,WLFYRSLREYSFEYVRQ,rigid,hydrophilic,Q8TDW0
LK0709,WLFYRSLREYSFEYVRQ,rigid,hydrophilic,Q498T9
LK0710,WLFYRSLREYSFEYVRQ,rigid,hydrophilic,Q498T9
LK0711,WLFYRSLREYSFEYVRQ,rigid,hydrophilic,Q498T9
LK0712,WLFYRSLREYSFEYVRQ,rigid,hydrophilic,Q8R502
LK0713,WLFYRSLREYSFEYVRQ,rigid,hydrophilic,Q8R502
LK0714,WLFYRSLREYSFEYVRQ,rigid,hydrophilic,Q8R502
LK0715,WMLRRS,rigid,hydrophilic,Q8IWT6
LK0716,WMLRRS,rigid,hydrophilic,Q8IWT6
LK0717,WMLRRS,rigid,hydrophilic,Q80WG5
LK0718,WMLRRS,rigid,hydrophilic,Q80WG5
LK0719,NSPLAGGSSGGRKASKQI,rigid,hydrophilic,Q9FNJ9
LK0720,GYLPQ,rigid,hydrophilic,B6A8R8
LK0721,RWPEMGGWHGAWAGGW,rigid,hydrophilic,P27918
LK0722,LTNR,rigid,hydrophilic,P28068
LK0723,YQVNGVNP,rigid,hydrophilic,P14921
LK0724,KDPITIVDVPAHLQNSWES,rigid,hydrophilic,Q96A33
LK0725,TIVDVPAHLQNSWES,rigid,hydrophilic,Q9D024
LK0726,SSVSSALANTKDSPVL,rigid,hydrophobic,P04196
LK0727,GDVFDQENNTDLSENKKQP,rigid,hydrophilic,P53925
LK0728,NGLQ,rigid,hydrophilic,Q8HWE5
LK0729,RVSKPMI,rigid,hydrophilic,P08920
LK0730,APGHWSCAKTLGC,rigid,hydrophobic,Q8K480
LK0731,YDSSRTW,rigid,hydrophilic,Q9LYB9
LK0732,YDSSRTW,rigid,hydrophilic,Q9LYB9
LK0733,YDSSRTW,rigid,hydrophilic,Q5XEN5
LK0734,YDSSRTW,rigid,hydrophilic,Q5XEN5
LK0735,EAEKEKSTFGAFQHNSPR,rigid,hydrophilic,P18588
LK0736,FYYC,rigid,hydrophobic,Q9VMH0
LK0737,ITNPVKKK,rigid,hydrophilic,Q6V9X0
LK0738,YIGDIPTLPKPEDDKC,rigid,hydrophilic,A0A059T2H4
LK0739,YRDINEIDINMN,rigid,hydrophilic,P16519
LK0740,PSIM,rigid,hydrophobic,Q6INN8
LK0741,KPRCGVPDVGGFSTFPG,rigid,hydrophilic,P03957
LK0742,DGEIYIRSITHAI,rigid,hydrophobic,O14154
LK0743,SLST,rigid,hydrophobic,Q9SID1
LK0744,SLST,rigid,hydrophobic,Q9SID1
LK0745,SLST,rigid,hydrophobic,Q96288
LK0746,SLST,rigid,hydrophobic,Q96288
LK0747,SASSIP,rigid,hydrophobic,Q9SYM2
LK0748,YPSSSNTS,rigid,hydrophilic,Q9LQZ7
LK0749,GESYKKHHPPCLDETE,rigid,hydrophilic,F4K2R6
LK0750,KQTQ,rigid,hydrophilic,Q8IXI2
LK0751,DDLATLDGQN,rigid,hydrophilic,Q96HI0
LK0752,EIPASSNAKRAIQTTPVTQ,rigid,hydrophilic,P09230
LK0753,ELFPA,rigid,hydrophobic,Q7L513
LK0754,FNDTVSPRASA,rigid,hydrophilic,Q9JHH6
LK0755,AKTLFYWNCIF,rigid,hydrophobic,P38244
LK0756,KWRNGDIVQPVLNPEPNT,rigid,hydrophilic,O00154
LK0757,KWRNGDIVQPVLNPEPNT,rigid,hydrophilic,O00154
LK0758,KWRNGDIVQPVLNPEPNT,rigid,hydrophilic,O00154-5
LK0759,KWRNGDIVQPVLNPEPNT,rigid,hydrophilic,O00154-5
LK0760,KWRNGDIVQPILNPEPNT,rigid,hydrophilic,Q64559
LK0761,AAEVEARGA,rigid,hydrophilic,K9IMD0
LK0762,PVTQYETTEKSLKM,rigid,hydrophilic,P43652
LK0763,ILPQITFKYYLKP,rigid,hydrophobic,P11997
LK0764,GSNLH,rigid,hydrophilic,P78410
LK0765,CACAECC,rigid,hydrophobic,Q9DER7
LK0766,ADLTGCYDLPEDYI,rigid,hydrophilic,Q14832
LK0767,HKRLI,rigid,hydrophilic,Q9FL12
LK0768,AGGPEETAAQY,rigid,hydrophilic,Q969Z4
LK0769,ADKLSCYALDIQYM,rigid,hydrophobic,P91685
LK0770,TFTKPRGWVFSNNG,rigid,hydrophilic,Q9C8E7
LK0771,LIVDQEQVKHRNKENDMH,rigid,hydrophilic,Q9LFG0
LK0772,YGFLNFNS,rigid,hydrophilic,A6N3Q4
LK0773,YGFLNFNS,rigid,hydrophilic,A6N3Q4
LK0774,YGFLNFNS,rigid,hydrophilic,A4D256
LK0775,YGFLNFNS,rigid,hydrophilic,A4D256
LK0776,QLRQLTSFIEKGQE,rigid,hydrophilic,P04276
LK0777,HKELSSFIDKGQE,rigid,hydrophilic,P02774
LK0778,VASPAAAPPTLPPY,rigid,hydrophobic,P54253
LK0779,VRRCPMKINVNVNSAAGL,rigid,hydrophobic,B5DF94
LK0780,GFSV,rigid,hydrophobic,P18289
LK0781,RSVPLQPQDRYS,rigid,hydrophilic,P86956
LK0782,TLVHI,rigid,hydrophobic,P15919
LK0783,GGEGTQK,rigid,hydrophilic,Q7Z6L0
LK0784,DNLGQKDL,rigid,hydrophilic,Q9FV70
LK0785,QQLVDFNKSDASLLG,rigid,hydrophilic,P54132
LK0786,ERIT,rigid,hydrophilic,O17389
LK0787,RARWRDCNRPCRAGQHKS,rigid,hydrophilic,P35763
LK0788,IQNPD,rigid,hydrophilic,P0DTU3
LK0789,PKSSSSTAFSPSNNNA,rigid,hydrophilic,O74522
LK0790,KVRVQNYAESFKEAPHNVRP,rigid,hydrophilic,Q25519
LK0791,DLPSFSQTFEHKSRLPA,rigid,hydrophilic,Q9V521
LK0792,LGNDLY,rigid,hydrophilic,Q8WVC0
LK0793,ASDDP,rigid,hydrophilic,P05771
LK0794,GLISSGKQSTPV,rigid,hydrophilic,Q52EB3
LK0795,EWVSMAAT,rigid,hydrophobic,P55861
LK0796,GTPHSSA,rigid,hydrophilic,Q9FHY8
LK0797,STSGLSPVNAIPGAYS,rigid,hydrophobic,Q4WMH0
LK0798,QDNMRTSW,rigid,hydrophilic,Q8K394
LK0799,FCGLCVCP,rigid,hydrophobic,P60879
LK0800,QNTPRFMW,rigid,hydrophilic,Q62688
LK0801,GSPCLGSERRPKGKTLQ,rigid,hydrophilic,Q6ZN17
LK0802,DLNDPAI,rigid,hydrophilic,Q09868
LK0803,TISTD,rigid,hydrophilic,Q9S709
LK0804,AKVLEQIKDYALP,rigid,hydrophilic,Q2UH35
LK0805,NKDFCPDIDA,rigid,hydrophilic,K7NAJ3
LK0806,DSRVRTTGH,rigid,hydrophilic,P00732
LK0807,PLPENQPLEG,rigid,hydrophilic,O35082
LK0808,YPYGP,rigid,hydrophilic,Q7TSU7
LK0809,QTGMW,rigid,hydrophilic,Q8K3P6
LK0810,QTGMW,rigid,hydrophilic,Q8K3P6
LK0811,QTGMW,rigid,hydrophilic,Q6KCM7
LK0812,QTGMW,rigid,hydrophilic,Q6KCM7
LK0813,YVSDGFKYGDDSSGDW,rigid,hydrophilic,Q59L72
LK0814,ITDAMQ,rigid,hydrophobic,Q8R2Z5
LK0815,KHCN,rigid,hydrophilic,P20271
LK0816,KQEGSLR,rigid,hydrophilic,Q14140
LK0817,KEAEEEKNKKSNHYFQSQVS,rigid,hydrophilic,P79135-2
LK0818,KEAEEEKNKKSNHYFQSQVS,rigid,hydrophilic,P79135-2
LK0819,KEAEEEKNKKSNHYFQSQVS,rigid,hydrophilic,P79135
LK0820,KEAEEEKNKKSNHYFQSQVS,rigid,hydrophilic,P79135
LK0821,KSLTANPE,rigid,hydrophilic,Q9Y2L1
LK0822,NQTGLPFSAVETSPARLPP,rigid,hydrophilic,Q8CG85
LK0823,DTYLTYQNWV,rigid,hydrophilic,Q01117
LK0824,DADADAPARGPAAPEP,rigid,hydrophilic,Q8R066
LK0825,SPPADQTLVIKTFRFLSQK,rigid,hydrophilic,Q9UBS5
LK0826,SPPADQTLVIKTFRFLSQK,rigid,hydrophilic,Q9UBS5
LK0827,SPPADQTLVIKTFRFLSQK,rigid,hydrophilic,Q9Z0U4
LK0828,SPPADQTLVIKTFRFLSQK,rigid,hydrophilic,Q9Z0U4
LK0829,PPAP,rigid,hydrophilic,P78963
LK0830,CALDKCVRNKCRSLISIE,rigid,hydrophobic,O35701
LK0831,QKGVAK,rigid,hydrophilic,P30082
LK0832,NDEKVARARYTPL,rigid,hydrophilic,Q86MV5
LK0833,TRLCQD,rigid,hydrophilic,O95967
LK0834,TRLCQD,rigid,hydrophilic,O95967
LK0835,TRLCQD,rigid,hydrophilic,Q9WVJ9
LK0836,TRLCQD,rigid,hydrophilic,Q9WVJ9
LK0837,FLGNTKPRSRTASVFFKGPG,rigid,hydrophilic,Q6PML9
LK0838,KYAPQNLAISIFFRNGTGTA,rigid,hydrophilic,Q08ET2
LK0839,TIWDG,rigid,hydrophilic,Q27350
LK0840,TIWDG,rigid,hydrophilic,Q27350
LK0841,TIWDG,rigid,hydrophilic,Q15475
LK0842,TIWDG,rigid,hydrophilic,Q15475
LK0843,TSPGFTVNNSRSSSDW,rigid,hydrophilic,P46992
LK0844,LQDSSDRLRVRRSTAE,rigid,hydrophilic,Q9BWV1
LK0845,LYKILESKCSM,rigid,hydrophobic,Q63342
LK0846,CPCLGGMAHGPC,rigid,hydrophobic,P36046
LK0847,IELKRQIEA,rigid,hydrophilic,Q8T7K0
LK0848,LEGWL,rigid,hydrophobic,Q9EQX0
LK0849,VIEEH,rigid,hydrophilic,A0A0P0X9Z7
LK0850,LKGIV,rigid,hydrophobic,D4AMT2
LK0851,HIPGC,rigid,hydrophobic,Q9ESX2
LK0852,NVYGITIIYKVK,rigid,hydrophobic,P40189-2
LK0853,RENDTVDGKEIYNT,rigid,hydrophilic,P20936
LK0854,VMGEQFSYASDCAS,rigid,hydrophobic,Q15904
LK0855,EDNEKT,rigid,hydrophilic,Q9FK14
LK0856,PAGKMSKPFLQLAQ,rigid,hydrophilic,Q8NDX1
LK0857,EHSYRGFPVQ,rigid,hydrophilic,Q3U1U7
LK0858,SNDDPDPGNGLS,rigid,hydrophilic,P49866
LK0859,TRDSKG,rigid,hydrophilic,P18091
LK0860,SHREKLTKPELFNGAEK,rigid,hydrophilic,Q63934
LK0861,SHREKLTKPELFNGAEK,rigid,hydrophilic,Q63934
LK0862,SHREKLTKPELFNGAEK,rigid,hydrophilic,Q63934
LK0863,SHREKLTKPELFNGAEK,rigid,hydrophilic,G3V7L5
LK0864,SHREKLTKPELFNGAEK,rigid,hydrophilic,G3V7L5
LK0865,SHREKLTKPELFNGAEK,rigid,hydrophilic,G3V7L5
LK0866,SHREKLTKPELFNGAEK,rigid,hydrophilic,Q12837
LK0867,SHREKLTKPELFNGAEK,rigid,hydrophilic,Q12837
LK0868,SHREKLTKPELFNGAEK,rigid,hydrophilic,Q12837
LK0869,ENEGYIQCSQF,rigid,hydrophilic,Q96KQ4
LK0870,SSRKTISSEDKPF,rigid,hydrophilic,P0DO15
LK0871,SSRKTISSEDKPF,rigid,hydrophilic,P0DO15
LK0872,SSRKTISSEDKPF,rigid,hydrophilic,P11827
LK0873,SSRKTISSEDKPF,rigid,hydrophilic,P11827
LK0874,SSRKTISSEDEPF,rigid,hydrophilic,P25974
LK0875,SSRKTISSEDEPF,rigid,hydrophilic,P25974
LK0876,SSRKTISSEDEPF,rigid,hydrophilic,F7J077
LK0877,SSRKTISSEDEPF,rigid,hydrophilic,F7J077
LK0878,AQREKMNKPELFNGGEK,rigid,hydrophilic,Q01851
LK0879,AQREKMNKPELFNGGEK,rigid,hydrophilic,Q01851
LK0880,AQREKMNKPELFNGGEK,rigid,hydrophilic,P17208
LK0881,AQREKMNKPELFNGGEK,rigid,hydrophilic,P17208
LK0882,QQQQS,rigid,hydrophilic,Q9PT61
LK0883,VKKPKMRIYNCFKCEGHHC,rigid,hydrophilic,Q19157
LK0884,TTGNC,rigid,hydrophilic,Q924W9
LK0885,AVTC,rigid,hydrophobic,Q00690
LK0886,KRAKTI,rigid,hydrophilic,P48048
LK0887,SSPQGKSGPEAARAGGWV,rigid,hydrophilic,Q9P0L9
LK0888,YGMDLN,rigid,hydrophilic,O13024
LK0889,RPLHAKAEQ,rigid,hydrophilic,Q9ERP3
LK0890,LFQL,rigid,hydrophobic,Q9HAJ7-3
LK0891,GDSPEHDTDIPEVDLFQL,rigid,hydrophilic,Q9HAJ7
LK0892,VGPLNEDVFAAPP,rigid,hydrophobic,O54943
LK0893,VGPLNEDVFAAS,rigid,hydrophobic,Q9Z301
LK0894,VLKRDESSNLSFSQ,rigid,hydrophilic,A0A163UT06
LK0895,RQLTGSE,rigid,hydrophilic,Q8S9K3
LK0896,FKGF,rigid,hydrophobic,Q99MZ8
LK0897,FRGFRGF,rigid,hydrophilic,O76041-2
LK0898,PASAS,rigid,hydrophobic,Q22703
LK0899,ADTNEYGG,rigid,hydrophilic,Q9GL25
LK0900,AEEDEKAEKKAKKGDKYKC,rigid,hydrophilic,Q9XUB9
LK0901,LPVSLGIFQDVINSKIF,rigid,hydrophobic,Q557E7
LK0902,CLLFLFKEEEEFT,rigid,hydrophobic,Q96LW4
LK0903,IINEYGG,rigid,hydrophilic,Q7YR83
LK0904,LSQIPIK,rigid,hydrophobic,Q1MTN9
LK0905,FIGNCYAINPERLIRRFP,rigid,hydrophilic,Q9LPW7
LK0906,RTGLLADLLPSFAVEIMPE,rigid,hydrophobic,B5TVM2
LK0907,MLEN,rigid,hydrophilic,Q92750
LK0908,KNIDSLQQIVPTIPHLPLNL,rigid,hydrophobic,O74427
LK0909,LCKIYP,rigid,hydrophobic,Q9FKS0
LK0910,MRRRLPSRRYLMAG,rigid,hydrophilic,P18887
LK0911,EKDRRE,rigid,hydrophilic,Q7TN79
LK0912,HIDNS,rigid,hydrophilic,Q969X5
LK0913,QRSTHYLLV,rigid,hydrophilic,Q8K595
LK0914,TPSTGAFKP,rigid,hydrophilic,Q9BXB1
LK0915,TPSTGAFKP,rigid,hydrophilic,Q9BXB1
LK0916,TPSTGAFKP,rigid,hydrophilic,A2ARI4
LK0917,TPSTGAFKP,rigid,hydrophilic,A2ARI4
LK0918,KTVDQGVVSSQRCLL,rigid,hydrophobic,Q07071
LK0919,KTVDQGVVSSQRCLL,rigid,hydrophobic,Q07071
LK0920,KTVDQGVVSSQRCLL,rigid,hydrophobic,Q91X44
LK0921,KTVDQGVVSSQRCLL,rigid,hydrophobic,Q91X44
LK0922,CACEAGCTEC,rigid,hydrophobic,P13497
LK0923,CACEAGCC,rigid,hydrophobic,P98063
LK0924,SDMKK,rigid,hydrophilic,Q8CD15
LK0925,LGCHP,rigid,hydrophobic,Q8WWF5
LK0926,AVMHAVKP,rigid,hydrophobic,Q96MT3
LK0927,DKYLKAIRVKVPNSDE,rigid,hydrophilic,Q6STH5
LK0928,LTHRP,rigid,hydrophilic,P20138
LK0929,EFVL,rigid,hydrophobic,O00294
LK0930,LGREEP,rigid,hydrophilic,O35142
LK0931,LGREEP,rigid,hydrophilic,O35142
LK0932,LGREEP,rigid,hydrophilic,O55029
LK0933,LGREEP,rigid,hydrophilic,O55029
LK0934,DIEGCVPVLC,rigid,hydrophobic,Q8R4V5
LK0935,QEEE,rigid,hydrophilic,Q9QZ59
LK0936,QKEVAK,rigid,hydrophilic,P47871
LK0937,VEGCVPVLC,rigid,hydrophobic,Q8WWZ8
LK0938,EEDKNA,rigid,hydrophilic,Q19848
LK0939,EADEALPSGLPPTFI,rigid,hydrophobic,Q66K79
LK0940,ASAGATSEVF,rigid,hydrophobic,Q9JMC2
LK0941,PGDSCPLAGSAVLE,rigid,hydrophobic,A9YTQ3
LK0942,DLSRGEVPEPLCVCR,rigid,hydrophilic,Q8BJ66
LK0943,KPYMPGVESIKDR,rigid,hydrophilic,Q91453
LK0944,KPHMPGVETIKDR,rigid,hydrophilic,A0ZSK4
LK0945,SRNKNGPALGGLSCSPNLP,rigid,hydrophilic,Q5U5Q3
LK0946,SRNKSGAAFGVAPA,rigid,hydrophilic,A1L020
LK0947,SRNKNTALNGAVPGPPNLP,rigid,hydrophilic,Q6ZN04
LK0948,AQELNVPIIKTEPTDDYEPA,rigid,hydrophilic,O95644
LK0949,FAEKVWK,rigid,hydrophilic,Q69Z08
LK0950,DVEEALPSGLPPTFIHRG,rigid,hydrophilic,O54858
LK0951,MLSCAPCEKGHCMC,rigid,hydrophobic,Q6P1D5
LK0952,PGVDKEMMQRIREK,rigid,hydrophilic,Q8R368
LK0953,QTPASEVVTNGVLVAHPC,rigid,hydrophobic,Q50L41
LK0954,DAQAGGDNSSVQN,rigid,hydrophilic,P23818
LK0955,DAQAGGDNSSVQN,rigid,hydrophilic,P23818
LK0956,DAQAGGDNSSVQN,rigid,hydrophilic,P23818
LK0957,DAQAGGDNSSVQN,rigid,hydrophilic,P19490
LK0958,DAQAGGDNSSVQN,rigid,hydrophilic,P19490
LK0959,DAQAGGDNSSVQN,rigid,hydrophilic,P19490
LK0960,DAQAGGDNSSVQN,rigid,hydrophilic,P42261
LK0961,DAQAGGDNSSVQN,rigid,hydrophilic,P42261
LK0962,DAQAGGDNSSVQN,rigid,hydrophilic,P42261
LK0963,AFILSSM,rigid,hydrophobic,P97819
LK0964,GNCYAVSPATVIRRFPRMV,rigid,hydrophobic,Q570C0
LK0965,ELNEENI,rigid,hydrophilic,Q93W20
LK0966,GMDSTRHSLAHTARSSP,rigid,hydrophilic,B2GV50
LK0967,GKSKTCCENKEEKCC,rigid,hydrophilic,Q8N884
LK0968,TIWDGEETNY,rigid,hydrophilic,Q94165
LK0969,VDTM,rigid,hydrophobic,Q9Y3Z3
LK0970,DAATVSGTDALANIRS,rigid,hydrophobic,Q9C8H3
LK0971,PALDVP,rigid,hydrophobic,Q14164
LK0972,SMENSGHSVTHTTRASPATI,rigid,hydrophilic,P48381
LK0973,QIGV,rigid,hydrophobic,Q08967
LK0974,QIGV,rigid,hydrophobic,Q08967
LK0975,QIGV,rigid,hydrophobic,P53121
LK0976,QIGV,rigid,hydrophobic,P53121
LK0977,GRPSKKRKEYCSEEED,rigid,hydrophilic,Q6K8X6
LK0978,EEMDMESEARPTRGRP,rigid,hydrophilic,Q9UTN6
LK0979,KLQKNKQRLRDVT,rigid,hydrophilic,Q9UBB5
LK0980,TDWSPYADQS,rigid,hydrophilic,Q9BYF1-3
LK0981,TDWSPYADQS,rigid,hydrophilic,Q9BYF1-3
LK0982,TDWSPYADQS,rigid,hydrophilic,Q9BYF1
LK0983,TDWSPYADQS,rigid,hydrophilic,Q9BYF1
LK0984,SKSQKDS,rigid,hydrophilic,Q61006
LK0985,EKRKQLT,rigid,hydrophilic,Q13207
LK0986,FFDEIDAYYDRTHGHEYG,rigid,hydrophilic,B5X582
LK0987,RYGRFLQPVDDTQ,rigid,hydrophilic,O15399
LK0988,RYGRFLQPVDDTQ,rigid,hydrophilic,O15399
LK0989,RYGRFLQPVDDTQ,rigid,hydrophilic,Q03391
LK0990,RYGRFLQPVDDTQ,rigid,hydrophilic,Q03391
LK0991,NGKGGRGRVDVAS,rigid,hydrophilic,O14669
LK0992,SGLPGACGAAICQPP,rigid,hydrophobic,Q9UHF1
LK0993,DPSNA,rigid,hydrophilic,Q9SJU5
LK0994,RKYYSHETSESSAFQRYES,rigid,hydrophilic,P28040
LK0995,FGITSYDFHS,rigid,hydrophilic,Q86TI2-2
LK0996,FGITSYDFHS,rigid,hydrophilic,Q86TI2-2
LK0997,FGITSYDFHS,rigid,hydrophilic,Q86TI2-2
LK0998,FGITSYDFHS,rigid,hydrophilic,Q86TI2
LK0999,FGITSYDFHS,rigid,hydrophilic,Q86TI2
LK1000,FGITSYDFHS,rigid,hydrophilic,Q86TI2
LK1001,FGITSYDFHS,rigid,hydrophilic,Q8BVG4
LK1002,FGITSYDFHS,rigid,hydrophilic,Q8BVG4
LK1003,FGITSYDFHS,rigid,hydrophilic,Q8BVG4
LK1004,GLEDS,rigid,hydrophilic,Q9DBD0
LK1005,TSSIQQASIGSYQTSGGR,rigid,hydrophilic,Q9SYU4
LK1006,DKDLLYEVP,rigid,hydrophilic,Q9VMA7
LK1007,RDLSEISRL,rigid,hydrophilic,P83059
LK1008,HRAV,rigid,hydrophilic,Q09917
LK1009,SHSLSESRRSKLTAE,rigid,hydrophilic,Q0WPU1
LK1010,GTLLPCQSNLEEENKEW,rigid,hydrophilic,Q12701
LK1011,HPPLVNLSVEPQPVLEDNIV,rigid,hydrophobic,Q8BR86
LK1012,APYAKY,rigid,hydrophilic,Q9Y221
LK1013,FDLYPNSEEHKD,rigid,hydrophilic,A7XY94
LK1014,TMPWFQHYRNVTVG,rigid,hydrophilic,P38484
LK1015,DFLGKPDTSLRY,rigid,hydrophilic,Q6NKQ9
LK1016,ECKFSHLTEEMFD,rigid,hydrophilic,F4KEY9
LK1017,LGEELRGTFNIRVP,rigid,hydrophilic,O88775
LK1018,SFEAYSAGYAPDINWF,rigid,hydrophilic,D4AS12
LK1019,SFEAYSAGYAPDINWF,rigid,hydrophilic,D4AS12
LK1020,SFEAYSAGYAPDINWF,rigid,hydrophilic,A6XGK3
LK1021,SFEAYSAGYAPDINWF,rigid,hydrophilic,A6XGK3
LK1022,SSGT,rigid,hydrophilic,P28908
LK1023,VWVTGENGEKEREIEGKLEA,rigid,hydrophilic,Q96VC4
LK1024,FSNSP,rigid,hydrophilic,Q9NAS9
LK1025,GVPTPTAVAQRPAPSGP,rigid,hydrophilic,Q99PT3
LK1026,GLSVPRPLQPEYVALPSEE,rigid,hydrophilic,O94806
LK1027,DALRTKQNFP,rigid,hydrophilic,Q9P4X3
LK1028,GLPDLGSLLGGGLGGLM,rigid,hydrophobic,Q12118
LK1029,EFEWNLKSGR,rigid,hydrophilic,Q9BYJ9
LK1030,PTLLGNTEDKSKET,rigid,hydrophilic,Q8BL65
LK1031,SAAHNKPAL,rigid,hydrophilic,G5ED41
LK1032,VGTRMPPKNFSRGSLVF,rigid,hydrophilic,Q86XS8
LK1033,CEACAGCEC,rigid,hydrophobic,O57382
LK1034,RHAYPEQRQASG,rigid,hydrophilic,Q7Z7J5
LK1035,RAPLY,rigid,hydrophilic,Q4JG17
LK1036,KEYEWDTNATTWH,rigid,hydrophilic,P36120
LK1037,DIPSFIQTFQFKGSLPR,rigid,hydrophilic,Q8I6K1
LK1038,QSITKVLD,rigid,hydrophobic,Q9P3U4
LK1039,PIQNFAECQRHKESAYVRP,rigid,hydrophilic,Q3ZPT5
LK1040,KFDYPIL,rigid,hydrophobic,P40462
LK1041,ASKWGEVKK,rigid,hydrophilic,O43024
LK1042,EAASQEGDKP,rigid,hydrophilic,Q8ND71
LK1043,SEILCPQLHS,rigid,hydrophobic,Q1EBV6
LK1044,KWRKEFGVDDLIKNFHYDE,rigid,hydrophilic,Q10137
LK1045,GLEYDIYTGLQSKSATQ,rigid,hydrophilic,Q8GWE0
LK1046,VRVPELSSKLTFPISLK,rigid,hydrophobic,Q8VY21
LK1047,LQRSLPF,rigid,hydrophilic,Q12440
LK1048,SLSLVEKAHDECIPEIP,rigid,hydrophilic,Q8K3V4
LK1049,KISDLRIPPNWYPDA,rigid,hydrophilic,Q8IYB8
LK1050,PKPFREVIAG,rigid,hydrophilic,P97346
LK1051,PPGPGAAAGAAASSAM,rigid,hydrophobic,P37198
LK1052,ENGSEEGLGDSAEVEEA,rigid,hydrophilic,Q43125
LK1053,DACPGDEDADVSV,rigid,hydrophilic,Q9FNY0
LK1054,VYSAANYTNGSFGSNFVS,rigid,hydrophilic,P17844
LK1055,HKGK,rigid,hydrophilic,Q15744
LK1056,FDFSWSKISDIQ,rigid,hydrophilic,Q9NVP1
LK1057,LVKESG,rigid,hydrophilic,Q8IYB7
LK1058,SSPSQDVLNRNIIHELPP,rigid,hydrophilic,P27515
LK1059,EEGMYRVMPVAN,rigid,hydrophilic,O04862
LK1060,SEMH,rigid,hydrophilic,A1L4W5
LK1061,VKTG,rigid,hydrophilic,Q9M9H7
LK1062,NFLLPNLPMRTFKEIVY,rigid,hydrophobic,P40485
LK1063,QNGKEPMFKAAV,rigid,hydrophilic,F4I312
LK1064,PSGRDTPI,rigid,hydrophilic,Q15058
LK1065,GLYEK,rigid,hydrophilic,P43626
LK1066,GLYEK,rigid,hydrophilic,P43626
LK1067,GLYEK,rigid,hydrophilic,P43626
LK1068,GLYEK,rigid,hydrophilic,P43626
LK1069,GLYEK,rigid,hydrophilic,Q14953
LK1070,GLYEK,rigid,hydrophilic,Q14953
LK1071,GLYEK,rigid,hydrophilic,Q14953
LK1072,GLYEK,rigid,hydrophilic,Q14953
LK1073,GLYEK,rigid,hydrophilic,Q14954
LK1074,GLYEK,rigid,hydrophilic,Q14954
LK1075,GLYEK,rigid,hydrophilic,Q14954
LK1076,GLYEK,rigid,hydrophilic,Q14954
LK1077,GLYEK,rigid,hydrophilic,Q99706
LK1078,GLYEK,rigid,hydrophilic,Q99706
LK1079,GLYEK,rigid,hydrophilic,Q99706
LK1080,GLYEK,rigid,hydrophilic,Q99706
LK1081,SNEDFSASP,rigid,hydrophilic,Q9ULW8
LK1082,AQVRR,rigid,hydrophilic,Q14258
LK1083,TVINERLKTDQHTSYPC,rigid,hydrophilic,Q8TCF1
LK1084,HGSNTFT,rigid,hydrophilic,O00499-8
LK1085,DVRA,rigid,hydrophilic,Q9BZR9
LK1086,FDTWDNEAYVHDAP,rigid,hydrophilic,P01584
LK1087,EQEDDEQSEEKRA,rigid,hydrophilic,P81486
LK1088,RMQNHFGAVKSEEKY,rigid,hydrophilic,P70582
LK1089,NPRTVP,rigid,hydrophilic,O00182
LK1090,YYVSCPSQRLD,rigid,hydrophilic,Q9YGX5
LK1091,RKDTFG,rigid,hydrophilic,Q940Z2
LK1092,LRSRRAL,rigid,hydrophilic,Q9M2T1
LK1093,GELYKKHHPPMLGNK,rigid,hydrophilic,Q9C9T2
LK1094,PPPRTPL,rigid,hydrophilic,Q8N653
LK1095,QGVCGLRD,rigid,hydrophilic,Q5B323
LK1096,DATEKDA,rigid,hydrophilic,Q96I25
LK1097,PITCKK,rigid,hydrophilic,Q9FNY3
LK1098,SIWDG,rigid,hydrophilic,Q62232
LK1099,QDGTRLW,rigid,hydrophilic,Q8LA53
LK1100,ENKKHQIQ,rigid,hydrophilic,O22218
LK1101,DLKN,rigid,hydrophilic,P0DSE2
LK1102,LKIPNQIQTFQFNGSLPR,rigid,hydrophilic,Q8I6K2
LK1103,EAHEVGKV,rigid,hydrophilic,Q704V3
LK1104,GPERGL,rigid,hydrophilic,O95954
LK1105,GPEQ,rigid,hydrophilic,O88618
LK1106,KKRGAYDRA,rigid,hydrophilic,O74804
LK1107,DLSNFGAVPQ,rigid,hydrophilic,O75461
LK1108,YHVFQPSQRLE,rigid,hydrophilic,Q967R6
LK1109,ADGASDSTDSPASCQKKSA,rigid,hydrophilic,Q8IZW8
LK1110,GVTMDEENVNLK,rigid,hydrophilic,P25627
LK1111,SMTLDQEGTNAK,rigid,hydrophilic,Q10162
LK1112,YSESEQED,rigid,hydrophilic,Q80VL0
LK1113,SLFGIPL,rigid,hydrophobic,Q8BJS4
LK1114,MTEVN,rigid,hydrophilic,P29536
LK1115,YENRKRKSSP,rigid,hydrophilic,Q9XVS4
LK1116,LLLSQP,rigid,hydrophobic,Q8R570
LK1117,ITKDQ,rigid,hydrophilic,Q8WXX0
LK1118,MQDEN,rigid,hydrophilic,Q04437
LK1119,PDKTVIQMLALRQDTVLR,rigid,hydrophilic,O02274
LK1120,EQAPEALAPPLGSI,rigid,hydrophobic,Q9SYD8
LK1121,EIGA,rigid,hydrophobic,Q9NYL2
LK1122,SARPC,rigid,hydrophilic,A1Z6W3
LK1123,GYSPLINTGNPTSG,rigid,hydrophilic,Q9URW7
LK1124,PWYYPLTGDITKCQNIWDVF,rigid,hydrophilic,O14321
LK1125,RLKKIYEEKKKKT,rigid,hydrophilic,Q00341
LK1126,YLDADQSILKNYTFPPVNEE,rigid,hydrophilic,Q12114
LK1127,FMAVTGLQTNTPTLARD,rigid,hydrophobic,O94669
LK1128,HLLHLQQQQKG,rigid,hydrophilic,P23949
LK1129,ARLEGPKQYGI,rigid,hydrophilic,O22286
LK1130,VEGQGLKGS,rigid,hydrophilic,P92186
LK1131,AFQWAV,rigid,hydrophobic,P54657
LK1132,NGFKSEP,rigid,hydrophilic,O61577
LK1133,ISFT,rigid,hydrophobic,O74859
LK1134,FASL,rigid,hydrophobic,Q9USR1
LK1135,LELFLQNHI,rigid,hydrophobic,Q9UST1
LK1136,NSFN,rigid,hydrophilic,Q08702
LK1137,KDKKASLLTREDLTDEEKAA,rigid,hydrophilic,Q9UUB6
LK1138,VDLET,rigid,hydrophobic,Q9NWU2
LK1139,YSKQEQATG,rigid,hydrophilic,Q9CWH0
LK1140,KRAQTL,rigid,hydrophilic,B7U540
LK1141,KRAQTL,rigid,hydrophilic,B7U540
LK1142,KRAQTL,rigid,hydrophilic,P52188
LK1143,KRAQTL,rigid,hydrophilic,P52188
LK1144,DVVTKPDCNCLYP,rigid,hydrophilic,P09603
LK1145,KEKSSKKEASSSKPVQ,rigid,hydrophilic,Q9LEF5
LK1146,TIWDGEEIVY,rigid,hydrophilic,O17894
LK1147,WSNMATMPA,rigid,hydrophilic,Q9PT60
LK1148,VPFSSSTGQAVRP,rigid,hydrophilic,Q32SG5
LK1149,FSASSIAKIGSDPLKLVR,rigid,hydrophobic,Q13061
LK1150,GLGKYICDV,rigid,hydrophobic,Q7Z4I7
LK1151,KGLGKFIC,rigid,hydrophobic,Q91XD2
LK1152,DLKNVF,rigid,hydrophilic,P0DTU4
LK1153,SFRVSKTGNC,rigid,hydrophilic,G5EF33
LK1154,AYSRGVSRKGQISDR,rigid,hydrophilic,P59901
LK1155,ADEAFPEAWHSDAATVRGE,rigid,hydrophilic,Q69T22
LK1156,KDAEGLDEIDHAEMELRRG,rigid,hydrophilic,P23634
LK1157,KDAEGLDEIDHAEMELRRG,rigid,hydrophilic,P23634
LK1158,KDAEGLDEIDHAEMELRRG,rigid,hydrophilic,D3K0R6
LK1159,KDAEGLDEIDHAEMELRRG,rigid,hydrophilic,D3K0R6
LK1160,FYESGPQKPLAPIKRSRLL,rigid,hydrophilic,Q9W088
LK1161,GAYSKGVSKKGQFYDR,rigid,hydrophilic,Q8N149
LK1162,GAYIKGVSKKGQFYDRVS,rigid,hydrophilic,Q8NHL6-5
LK1163,GAYIKGVSKKGQFYDRVS,rigid,hydrophilic,Q8NHL6-5
LK1164,GAYIKGVSKKGQFYDRVS,rigid,hydrophilic,Q8NHL6
LK1165,GAYIKGVSKKGQFYDRVS,rigid,hydrophilic,Q8NHL6
LK1166,TGAYPKGVSKKGQIRGT,rigid,hydrophilic,Q8N423
LK1167,PKPDEA,rigid,hydrophilic,Q9QUR8
LK1168,PKPDKA,rigid,hydrophilic,O75326
LK1169,SETNEYGG,rigid,hydrophilic,Q96BH3
LK1170,MAQTMQKIDDRSCKSMM,rigid,hydrophilic,Q9Y7S2
LK1171,GKQLK,rigid,hydrophilic,Q9C030
LK1172,INAAEIE,rigid,hydrophobic,Q06124
LK1173,QCVSQP,rigid,hydrophilic,O04492
LK1174,LTVSTNPFVFEV,rigid,hydrophobic,Q9Y231
LK1175,LTVSTNPFVFEV,rigid,hydrophobic,Q9Y231
LK1176,LTVSTNPFVFEV,rigid,hydrophobic,O88819
LK1177,LTVSTNPFVFEV,rigid,hydrophobic,O88819
LK1178,KRAETI,rigid,hydrophilic,P78508
LK1179,KFADYREDMGGIGSF,rigid,hydrophilic,Q12046
LK1180,PRTS,rigid,hydrophilic,Q9FNY2
LK1181,VKGGGKG,rigid,hydrophilic,Q01406
LK1182,DQRRSEC,rigid,hydrophilic,P0CG37
LK1183,NLPRIEYKDALKA,rigid,hydrophilic,Q8IFJ8
LK1184,GLVTQRSAPSW,rigid,hydrophilic,D4AXW3
LK1185,GKTPSNEHA,rigid,hydrophilic,Q9H8W4
LK1186,GKKPV,rigid,hydrophilic,O76902
LK1187,GAEKEDLI,rigid,hydrophilic,P91829
LK1188,SCVVQ,rigid,hydrophobic,P18337
LK1189,SCVIQC,rigid,hydrophobic,P30836
LK1190,SSNEKRTSELPDGIG,rigid,hydrophilic,Q32NN2
LK1191,EKRSAELPDAVG,rigid,hydrophilic,Q91XU1
LK1192,NGYFP,rigid,hydrophilic,F4K4R6
LK1193,NDPGSNEDTDIPKGYMDL,rigid,hydrophilic,O43396
LK1194,MSVDSSLPSPNQLSS,rigid,hydrophilic,Q00196
LK1195,WMFE,rigid,hydrophobic,F4K128
LK1196,DSLINLKIQKENPK,rigid,hydrophilic,Q9CQB5
LK1197,QNPD,rigid,hydrophilic,P0DSE1
LK1198,DDLTGCDLIPVQYL,rigid,hydrophobic,P41594
LK1199,PKGQCEQEEEVLRTIQ,rigid,hydrophilic,Q6PCM1
LK1200,VPRRILPLPCTGGKLSGDT,rigid,hydrophilic,Q6PDS3
LK1201,FASGMEDKHSSDA,rigid,hydrophilic,Q9BTA9
LK1202,LGAPALGGQQSVS,rigid,hydrophobic,Q71SY5
LK1203,KPVSEENMQ,rigid,hydrophilic,O64645
LK1204,GMVRAELTGCEPIPVRYL,rigid,hydrophobic,P23385
LK1205,LCCR,rigid,hydrophobic,Q9QXA1
LK1206,LEKNTNQKNGELV,rigid,hydrophilic,P31398
LK1207,MAQFKEI,rigid,hydrophobic,Q9NX02
LK1208,SQDPSIPETV,rigid,hydrophilic,Q6TGC4
LK1209,KWRKDYGTDTILQDFHYDE,rigid,hydrophilic,P24280
LK1210,EKLIVGKKPIGSLHPGLGC,rigid,hydrophobic,Q6DN90
LK1211,RGWELFPA,rigid,hydrophilic,P12314
LK1212,VRGGGKGGSAYQK,rigid,hydrophilic,Q66HL2
LK1213,NRALHQSW,rigid,hydrophilic,P30203
LK1214,HQSW,rigid,hydrophilic,Q61003
LK1215,KAKSANPLLC,rigid,hydrophilic,A2AR95
LK1216,DECKDC,rigid,hydrophilic,P00736
LK1217,EEFKHHPDPTDRVTGA,rigid,hydrophilic,Q93794
LK1218,NNVLVARELSH,rigid,hydrophilic,Q50L43
LK1219,QVPRIEYKDNLDP,rigid,hydrophilic,Q95P08
LK1220,WPPHTQPWYPEGC,rigid,hydrophilic,Q9UJW2
LK1221,TPFQP,rigid,hydrophilic,Q149L7
LK1222,LVSK,rigid,hydrophobic,P10252
LK1223,HSSRR,rigid,hydrophilic,Q9VT65
LK1224,ATSGHED,rigid,hydrophilic,P48443
LK1225,YLSNLAMLK,rigid,hydrophobic,Q07684
LK1226,LLRGPEDMKPGRVVIKEE,rigid,hydrophilic,Q06002
LK1227,ESAFHKTSTGAPAAIK,rigid,hydrophilic,P40121
LK1228,KLKANSFNKEALQRLQNLQK,rigid,hydrophilic,P53924
LK1229,ESAFHKTTSGARGA,rigid,hydrophilic,P24452
LK1230,NPSANWLHA,rigid,hydrophilic,P31272
LK1231,PTNS,rigid,hydrophilic,Q08639
LK1232,KFQTSSNEW,rigid,hydrophilic,P97449
LK1233,SLDMHPWIMSLQ,rigid,hydrophobic,Q0DLB9
LK1234,AGQEDK,rigid,hydrophilic,Q9YH58
LK1235,HDPEDPHPLSV,rigid,hydrophilic,O75382
LK1236,GAHDPEDPHPLSA,rigid,hydrophilic,Q9R1R2
LK1237,TFPYDSHVKFPAFI,rigid,hydrophobic,P47124
LK1238,PRSAPFSFLSNVK,rigid,hydrophilic,P01583
LK1239,YGGGENDKSTPSTAVKSH,rigid,hydrophilic,Q9SSW0
LK1240,YSIQTS,rigid,hydrophilic,P15891
LK1241,PESSFSPVPEGV,rigid,hydrophilic,O43866
LK1242,KPSGARCYVD,rigid,hydrophilic,P78310
LK1243,CAFANWRD,rigid,hydrophilic,P23945
LK1244,DSRGIHILDLSTLLPQDPT,rigid,hydrophilic,O70513
LK1245,DTTGLHILDLSQDPT,rigid,hydrophilic,Q07797
LK1246,GPPATPAYWDGEKE,rigid,hydrophilic,Q9BRK3
LK1247,LAKSSSSSQTPSGKVTSSGW,rigid,hydrophilic,Q9M069
LK1248,FVRSPSQRLD,rigid,hydrophilic,Q9BZB8
LK1249,ILAQGPAAVATM,rigid,hydrophobic,Q2WEN9
LK1250,TPEREE,rigid,hydrophilic,Q6IVY4
LK1251,ALFTDIPTERERT,rigid,hydrophilic,Q5SW75
LK1252,EPGQASEQEKME,rigid,hydrophilic,Q8K330
LK1253,GSLSAKP,rigid,hydrophilic,Q96NW4
LK1254,GIMIPGVGIAGGVGLIIIEV,rigid,hydrophobic,Q24418
LK1255,FPEKEFTQENY,rigid,hydrophilic,Q8IXH8
LK1256,SCQDMSCVREC,rigid,hydrophilic,P16109
LK1257,QKNTHYMM,rigid,hydrophilic,Q8R4F0
LK1258,TFEKQIGEVKP,rigid,hydrophilic,P78423
LK1259,PDSDLLFIPEDVPFEL,rigid,hydrophobic,Q9QWK4
LK1260,MPGNFDTLVGAC,rigid,hydrophobic,Q99N43
LK1261,KVIGAQRRRSPSALALLSNP,rigid,hydrophilic,Q8IXF0
LK1262,GFYNK,rigid,hydrophilic,A6NI73
LK1263,GFYNK,rigid,hydrophilic,A6NI73
LK1264,GFYNK,rigid,hydrophilic,A6NI73-3
LK1265,GFYNK,rigid,hydrophilic,A6NI73-3
LK1266,LTLRRP,rigid,hydrophilic,P12258
LK1267,QWRKENKIDELVESGE,rigid,hydrophilic,Q56WK6
LK1268,RLGK,rigid,hydrophilic,Q9UIB8
LK1269,LTTTTPLTPA,rigid,hydrophobic,O04314
LK1270,PARQGPGWRQQLASA,rigid,hydrophilic,Q8BQT2
LK1271,SEHHSPQAESMI,rigid,hydrophilic,Q6ZMI3
LK1272,GPTHSPNHNFQDDDQEGRYH,rigid,hydrophilic,Q9Z138
LK1273,FGVLKDDVGNPQE,rigid,hydrophilic,P0DKJ8
LK1274,SGTRCFPPSNRAGT,rigid,hydrophilic,P97792
LK1275,FPKVL,rigid,hydrophobic,P70193
LK1276,PNHTGCRPTPVVRL,rigid,hydrophilic,O15303
LK1277,QKNAQYVLVFDAF,rigid,hydrophobic,Q8IZK6
LK1278,VCHVPG,rigid,hydrophobic,P19474
LK1279,VSTLGLG,rigid,hydrophobic,Q9UDY6
LK1280,NLPLFAFVNEEKFNVD,rigid,hydrophilic,Q9Z2C5
LK1281,SLPLFAFLNEEKFNVD,rigid,hydrophobic,Q13496
LK1282,SCVREC,rigid,hydrophobic,P42201
LK1283,ECRREHRPPCAQEAPRNMV,rigid,hydrophilic,Q64337
LK1284,SAGATYIRK,rigid,hydrophilic,O76094
LK1285,PKTFHKNQRRVFRAPD,rigid,hydrophilic,Q0PF16
LK1286,PLDFKTMKSTNV,rigid,hydrophilic,Q715T0
LK1287,DEERKIAAGEM,rigid,hydrophilic,Q8N427
LK1288,TETSNDEEMLKSRPL,rigid,hydrophilic,Q9VXH6
LK1289,TQTQ,rigid,hydrophilic,B4F8Z1
LK1290,PCSCDKEEGSNVMHLAY,rigid,hydrophilic,Q8H8C7
LK1291,HLSG,rigid,hydrophilic,A0A1D6LAB7
LK1292,ECRRDHRPPCAQEAPRNMV,rigid,hydrophilic,Q13501
LK1293,DRGAC,rigid,hydrophilic,Q7Z1K3
LK1294,EAPKPECSESYTL,rigid,hydrophilic,P11416
LK1295,EVPKPECSESYTL,rigid,hydrophilic,P10276
LK1296,EPPKDKTIILEQLRK,rigid,hydrophilic,O88871
LK1297,EPPKDKTIILEQLRK,rigid,hydrophilic,O88871
LK1298,EPPKDKTIILEQLRK,rigid,hydrophilic,O75899
LK1299,EPPKDKTIILEQLRK,rigid,hydrophilic,O75899
LK1300,THSDEVTDSINWASGEDDH,rigid,hydrophilic,Q92968
LK1301,GMVVDYPNSAKAKKFYLCL,rigid,hydrophobic,O43709
LK1302,HIPGCGKVYGKAS,rigid,hydrophilic,Q8VI67
LK1303,FNSEKLAKTIGRLAEKTPDV,rigid,hydrophilic,Q9C952
LK1304,SRSLGANPDDLK,rigid,hydrophilic,Q96L93
LK1305,RARWQNCSRPCRSGQHKS,rigid,hydrophilic,P10820
LK1306,PIAFPGGLLE,rigid,hydrophobic,P07259
LK1307,PIGQYGAAEESIGQI,rigid,hydrophilic,P36406
LK1308,EVKEEGSPDSYEL,rigid,hydrophilic,P13631
LK1309,EVKEEGSPDSYEL,rigid,hydrophilic,P13631
LK1310,EVKEEGSPDSYEL,rigid,hydrophilic,P18911
LK1311,EVKEEGSPDSYEL,rigid,hydrophilic,P18911
LK1312,VRIRRDVRMRRRGD,rigid,hydrophilic,G3YHA8
LK1313,DRYYGINDPV,rigid,hydrophilic,Q9NW64
LK1314,QGCGNGVTYEGDTLCGS,rigid,hydrophilic,Q75N62
LK1315,ESSRFDKAQISNETIKKFYL,rigid,hydrophilic,P53254
LK1316,LDSSPEH,rigid,hydrophilic,P02835
LK1317,NHSAVVQLHGRP,rigid,hydrophilic,Q9SGS4
LK1318,CDSWDDDDNLLVCDVP,rigid,hydrophilic,P10749
LK1319,MRQRLAELRQRQRGGKQQGP,rigid,hydrophilic,O60336
LK1320,DCCFVNFEELVKEEGLAEET,rigid,hydrophilic,Q2M389
LK1321,LPEGVPLG,rigid,hydrophobic,P30530
LK1322,AQEKQRKKKSYKN,rigid,hydrophilic,P59108
LK1323,EESSEMSCSV,rigid,hydrophilic,P36022
LK1324,PVPK,rigid,hydrophilic,P09326
LK1325,YDLHY,rigid,hydrophilic,Q13324
LK1326,YDLHY,rigid,hydrophilic,Q13324
LK1327,YDLHY,rigid,hydrophilic,P47866
LK1328,YDLHY,rigid,hydrophilic,P47866
LK1329,LFKLQRKRKSRKSGTNSTL,rigid,hydrophilic,Q39083
LK1330,DLQVDFLTEKNCSQL,rigid,hydrophilic,O14727
LK1331,VLRFGYFGK,rigid,hydrophobic,Q99KK2
LK1332,DVRKENC,rigid,hydrophilic,P13385
LK1333,PNTAE,rigid,hydrophilic,Q04207
LK1334,PNTAE,rigid,hydrophilic,Q04207
LK1335,PNTAE,rigid,hydrophilic,Q04206
LK1336,PNTAE,rigid,hydrophilic,Q04206
LK1337,NSGKR,rigid,hydrophilic,Q11002
LK1338,VTKYGNTEAPPKVLTK,rigid,hydrophilic,P04441
LK1339,NLPMFASVHAAETPRLMKD,rigid,hydrophilic,Q9N589
LK1340,RSGFYIENR,rigid,hydrophilic,Q92357
LK1341,ECRAKEHML,rigid,hydrophilic,Q8N3Y1
LK1342,DDDDDDDEYDSEMDDF,rigid,hydrophilic,E1BUG7
LK1343,MVRELQVLGKAQV,rigid,hydrophobic,Q9JHX4
LK1344,IKSKKTGIFQN,rigid,hydrophilic,Q02732
LK1345,VRLDGNISSGIKIYFA,rigid,hydrophobic,C6KRL6
LK1346,PMLRK,rigid,hydrophilic,A0A087WPF7
LK1347,PMLRK,rigid,hydrophilic,A0A087WPF7
LK1348,PMLRK,rigid,hydrophilic,Q8WXX7
LK1349,PMLRK,rigid,hydrophilic,Q8WXX7
LK1350,LPEDLYAFSYNPKSSKEMRE,rigid,hydrophilic,Q96EF0
LK1351,EGIDV,rigid,hydrophobic,Q8H1D4
LK1352,TRDA,rigid,hydrophilic,Q7TPR4
LK1353,APSW,rigid,hydrophilic,P02511
LK1354,ITGMSSPDF,rigid,hydrophobic,Q96EZ8
LK1355,FSSNSTISE,rigid,hydrophilic,Q8WV28
LK1356,YSGFQQSADR,rigid,hydrophilic,Q9QXD8
LK1357,NDLTH,rigid,hydrophilic,Q9UIA0
LK1358,VTSQNKSFICGQNE,rigid,hydrophilic,O55112
LK1359,TFREVEQLYQENVEWDD,rigid,hydrophilic,O59780
LK1360,QRILDTNG,rigid,hydrophilic,Q0WMY5
LK1361,VKSDSSISSH,rigid,hydrophilic,Q02936
LK1362,DFTMI,rigid,hydrophobic,Q8K299
LK1363,DTSSMTAAFR,rigid,hydrophilic,G5EEV2
LK1364,VPAELQ,rigid,hydrophobic,Q3V3Z3
LK1365,LEPWSGQPAHPPLNL,rigid,hydrophilic,P51993
