SP_ID,SP_SEQ,LOCALIZATION,ACC
SP0001,YILKASPLNFLLVFVPLGLIW,TM,Q99385
SP0002,FLYVLIPAGIYWYWWK,TM,P08525
SP0003,VRIRVLIALGLLISAKILNVQVP,TM,P40416
SP0004,FVGTIFAGAFVFQTVF,TM,P22289
SP0005,LMGGVSAAVAKTAASPIERV,TM,P18239
SP0006,MASFATKFVIACFLFFSASAVKWWSIFQLGVVIANSLFQI,SP_TM,P32803
SP0007,MDRTWLLLTWLLLLCGVVQGMPIYAFLAVAYAVCTLVYSWLC,SP_TM,P38745
SP0008,MEIDGNTLVFIIVILFLFFSSPGGDGLLFGIALFAAQIYLLLT,SP_TM,P36096
SP0009,MFYNRWLGTWLAMSALIRISVSAVVVTIVTFLIVVLGVYAY,SP_TM,P09620
SP0010,MGSHRRYLYYSILSFLLLSCSVVLAQGKLVLALTAVMVLALFTFATF,SP_TM,P25371
SP0011,MHRTLLFLTWLISLTKAGAYLTYYFVIVGIIAVFFHMS,SP_TM,Q12473
SP0012,MKFHPTRPFGLYFEFFIIISFFFTSESTGIISSFAFIGFTLFATLSSLFF,SP_TM,Q09684
SP0013,MKITCTDLVYVFILLFLNTSCVQAKLLITIFVLLVITYFI,SP_TM,P25574
SP0014,MLLTSLLQVFACCLVLPAQVTAAMWWIVIQLIVLAVTCGWQMK,SP_TM,Q05359
SP0015,MNGYWKPALVVLGLVSLSYATWFLLAFIWIVVNIGQYIISII,SP_TM,P43613
SP0016,MNLKQFTCLSCAQLLAILLFIFAFFPRKIVLTPLLTLAFVGFLIITIIAIYVLL,SP_TM,P40367
SP0017,MQFFKTLAALVSCISFVLAIAVIFVLIIFITILSLIVTWL,SP_TM,Q02795
SP0018,MRFLQVYKSSALIGLIILLASKVNLAEACTGFTFFVLCGYVLAGFIIVF,SP_TM,P53121
SP0019,MRLAVVVTLLVHCFLVTCSPGLIWNYLYVTVAGMLAWTASSV,SP_TM,P25625
SP0020,MRVRPKRSVITLMAIVVVMLILRNQFYSSRTRGMSLANSVGIVLSISFITLIIYV,SP_TM,P40071
SP0021,MSTTLLWFSSVIGYVIQLTFYLTFMYFASWLLLVPA,SP_TM,P35206
SP0022,MVRPQNVHWFIATIVFFIGFVHAIYPTLIVMVLLVAGLVVTRA,SP_TM,P53896
SP0023,MLFKSLSKLATAAAFFAGVATADLGSGTESSTASSNASGSSSKSNSGSSGSSSSSSSSSASSSSSSKKNAATNVKANLAQVVFTSIISLSIAAGVGFALV,SP_GPI,P22146
SP0024,MSRISILAVAAALVASATADSTVTKTQASTVETTITSCSNNVCSTVTKPVSSKAQSTATSVTSSASRVIDVTTNGANKFNNGVFGAAAIAGAAALLL,SP_GPI,P47178
SP0025,MAFGSLLAFVALAAITRAAPTAES,SP,P19136
SP0026,MAIPLVLVLAWLLPVVLA,SP,Q9HE18
SP0027,MAPSVTLPLTTAILAIARLVAA,SP,P07981
SP0028,MFPRVVRLNSRLVSFALLGLQIANG,SP,V5NC32
SP0029,MFSSTYLLAIIALAVSSVFA,SP,Q76CE8
SP0030,MHFSTITAALALLGLGAATPTDYSTS,SP,Q2PGV8
SP0031,MIPQLNRNYAWAIALGLVARSSLVSA,SP,U6BLZ9
SP0032,MIPRVAKFNFRLLSLALLGIQVARS,SP,Q3L1D1
SP0033,MIVGILTTLATLATLAASVPLEER,SP,P07987
SP0034,MIYKMAHVQLLLLYFFVSTVKA,SP,P32802
SP0035,MKFLAAASLLVASTLA,SP,Q9UVI4
SP0036,MKFSLACLLALAGLQAALA,SP,Q4WZ11
SP0037,MKLATAFTILTAVLA,SP,P09230
SP0038,MKLSATTLTAASLIGYSTIVSALP,SP,P53616
SP0039,MKQFSAKYALILLATAGQALA,SP,O42807
SP0040,MLAEYLLLPLLASYASA,SP,U6A629
SP0041,MLFKSFVTFTVLANALAAPLAHQHHQHKEEKR,SP,Q59XX2
SP0042,MLLINFFIAVLGVISLSPIVVARYILRR,SP,Q01117
SP0043,MLPRVTKLNSRLLSLALLGIQIARG,SP,Q3L245
SP0044,MMISSVLVAGVVAVSAALA,SP,Q00870
SP0045,MNILLATASFVLSLGFVKA,SP,B3STN5
SP0046,MPSLTSLFSFFALASGAFSATADLSKR,SP,Q2PGY1
SP0047,MQFKNVALAASVAALSATASA,SP,P47001
SP0048,MQIKFLTTLATVLTSVAA,SP,Q5AMT2
SP0049,MQYKKPLVVSALAATSLA,SP,Q03180
SP0050,MQYKKSLVASALVATSLA,SP,Q03178
SP0051,MQYKKTLVASALAATTLA,SP,P32478
SP0052,MRFSTTLATAATALFFTASQVSA,SP,P15703
SP0053,MRGLAKLFFLSCSFVSLVSS,SP,Q55P57
SP0054,MRLSEILTVALVTGATA,SP,Q875I9
SP0055,MRQVWFSWIVGLFLCFFNVSSA,SP,P41543
SP0056,MRSAFILALGLITASADALVTR,SP,I1SB12
SP0057,MRSLLWASLLSGVLAG,SP,Q2ULM2
SP0058,MRSRILAIVFAARHVA,SP,Q8X150
SP0059,MRTDWNFFFCILLQAIFVVG,SP,P33767
SP0060,MRTPAIVLALAPAAAFGQAAL,SP,Q8NJ73
SP0061,MRVSVPVLALAFGSLAAA,SP,C5P3X6
SP0062,MRWGFWFAIATLITICYA,SP,Q09140
SP0063,MRYALIASMLGQAAISVAMPSEPAHSPR,SP,Q8J0I9
SP0064,MSLLSIITIGLAGLGGLVNG,SP,C7F6X3
SP0065,MSLLYIILLFTQFLLLPTDA,SP,P29029
SP0066,MVAFSALSGVSALSLLLCLVQHAHG,SP,Q8NK90
SP0067,MVRIQELTAALSLASVVQASWIQKR,SP,Q6PW77
SP0068,MVSFSSLFVAACAAVTAFALPNELEKR,SP,W0HJ53
SP0069,MVSIKSVLAAATAVSSALAAPFDFVPRDNSTALQAR,SP,Q9HGE1
SP0070,MYRKLAVISAFLATARA,SP,P62694
SP0071,EKL,PTS,P39518
SP0072,SRL,PTS,P38998
SP0073,ARY,PTS,Q00922
SP0074,RLQQTLSHL,PTS,Q4WR83
SP0075,AKL,PTS,Q4WF55
SP0076,PKL,PTS,Q9P4U9
SP0077,VKL,PTS,P47148
SP0078,SKL,PTS,P32573
SP0079,AKF,PTS,P41903
SP0080,IKL,PTS,P38225
SP0081,HRL,PTS,Q05871
SP0082,HKL,PTS,Q08558
SP0083,GRV,PTS,Q9C446
SP0084,ETL,PTS,O74758
SP0085,PRL,PTS,P39994
SP0086,SKI,PTS,O93800
SP0087,NKL,PTS,P43635
SP0088,KKRKKD,NLS,O94288
SP0089,KNKKRK,NLS,Q06344
SP0090,KKNGGKGKNKPSAKIKK,NLS,P40963
SP0091,KKYENVVIKRSPRKRGRPRK,NLS,P08153
SP0092,KRIHSVSLSQSQIDPSKKVKRAK,NLS,P22216
SP0093,PSSKKRKV,NLS,P53853
SP0094,KKSTALSRELGKIMRRRKKKTVINDLLHYKKEK,NLS,P32354
SP0095,PEKRTKI,NLS,P31378
SP0096,KPKKKR,NLS,Q9UTN6
SP0097,RRKKRR,NLS,Q05942
SP0098,PKRRRTY,NLS,Q04052
SP0099,IINGRKLKLKKSRRRSSQTSNNSFTSRRS,NLS,P53968
SP0100,RKKRKGK,NLS,P34218
SP0101,KRVYNKGEDEQEHLPKGKKR,NLS,P38257
SP0102,PQRSPFPKSSVKR,NLS,P38634
SP0103,KRTVATNGDASGAHRAKKMSKTHA,NLS,P21827
SP0104,KRGNSSIGPNDLSKRKQRKK,NLS,Q08032
SP0105,QKQEMERAEKDYELFLQELEEDAELRQSVNLYKNREANVPPEEHEMDEDEDEDAPQINIDELLDELDEMTLEDGVENTPVESQQ,NES,P38861
SP0106,LSDRSQWVFDGWNLVLPSVGAAIKIVVHGQFEEPQNKRLLRSFDRTLLILPGGSTGILIINDLLVIRSFAGSLGWL,NES,Q9Y8G3
SP0107,ALPLGKLTL,NES,Q12315
SP0108,MSTAEFAQLLENSILSPDQNIRLTSETQLKKLSNDNFLQFAGLSSQVLIDENTKLEGRILAALTLKNELVSKDSVKTQ,NES,Q06142
SP0109,LAALNHISAL,NES,Q09728
SP0110,MASRRLALNLAQGVKARAGGVINPFRRG,MT,P11913
SP0111,MENSMMFISRSLRRPVTALNCNLQSVRT,MT,P36523
SP0112,METNFSFDSNLIVIIIITLFATRIIAKRFLSTPKM,MT,P17695
SP0113,MFGPFKLTSPVA,MT,P14063
SP0114,MFKLTSRLVTSRFAASSRLATARTIVLPRPHPSWISFQAKRF,MT,P39952
SP0115,MFKRSIIQQSRLFSNSASRL,MT,P25719
SP0116,MFLPKFNPIRSFSPILRAKTLLRYQNRMY,MT,Q02784
SP0117,MFLRNSVLRTAPVLRRG,MT,P40185
SP0118,MFSRSTLCLKTSASSIGRLQLRYF,MT,P46367
SP0119,MFSRTASKFRNTRRLLSTIS,MT,P10507
SP0120,MGIVLKRAIAAGMKPFPNSTWHWSRTIRPFSQHLSSTCFLQQSSRFTSKRYLHLSTLTQ,MT,P36516
SP0121,MGTITVVINEGPILLIRALHRATTNKKMFRSTVWRRF,MT,P12686
SP0122,MHNMFPALTKTLSLQGYKIINSQTGSAAWSCGRRW,MT,Q08230
SP0123,MIATPIRL,MT,P19955
SP0124,MIGRGVCCRSFHTAGSAW,MT,P22354
SP0125,MIKTLLRR,MT,Q5A8K2
SP0126,MIPRTRTLLQSKIPITRYFARCWAPRVRYNVCRTLPAAALHTNIIAH,MT,P42844
SP0127,MIRSVRRVFIYVSIFVLIIVLKRTLSGTDQTS,MT,P21375
SP0128,MKAERQTGLRNSFTTVIGRKLINTFVPSMMLTSVAGNDIFFRGLFKSPVLAFQSYRY,MT,P36520
SP0129,MKGSPISQFSKTSINA,MT,P36526
SP0130,MKHFFRLPTAFRPISRVSLRY,MT,P25846
SP0131,MKVNLMLKRGLATATATAS,MT,P36528
SP0132,MLAAKNILNRSSLSSSFRIATRL,MT,P0CS90
SP0133,MLAQTFKKPHRAVLEQVSGTTVFIRN,MT,P36527
SP0134,MLARSLGYRLISTSRILYNKPTVK,MT,P36532
SP0135,MLCQQMIRTTAKRSSNIMTRPIIMKRS,MT,P04039
SP0136,MLKSIFAKRFASTG,MT,P36531
SP0137,MLKYKPLLKISKNCEAAILRASKTRLNTIRAYGSTVPKSKSFEQDSRKRTQSWTALRVGAILAATSSVAYLNWHNGQIDN,MT,P00175
SP0138,MLKYLVQRRF,MT,P53193
SP0139,MLLQPVWKGCRWTQFVRPIRRWNSTGTNRGVPFSFKDISNQEDITNISYPSSSDSVLTK,MT,P42847
SP0140,MLNRFRPARLVAQSSRCLPLTRARAGPLPVNNART,MT,P23955
SP0141,MLPTFKRYM,MT,P38071
SP0142,MLQLRFMPGWVPRNGFFGLKETIGTVHKRFY,MT,P36521
SP0143,MLRFLSKNSVAAIRNVSIARG,MT,Q9UQX0
SP0144,MLRNGVQRLYSNI,MT,P11914
SP0145,MLRNLVVRNACRNRPSIQVARGLCRHQTRRL,MT,P36046
SP0146,MLRNTFFRNTSRRFL,MT,P28241
SP0147,MLRNTFTRAGGLSRITSVRF,MT,P00424
SP0148,MLRTKVFATTVARISGIRRYIPIRT,MT,P14066
SP0149,MLSKNLYSNKRLLTSTNTLVRFASTR,MT,P32340
SP0150,MLSLKKSALSKLTLLRNTRTFTSSALVR,MT,Q00711
SP0151,MLSLRQSIRFFKPATRTLCSSRYLL,MT,P04037
SP0152,MLSRAIFRNPVINRTLLRARPGAYHATRLTKNTFIQSRKY,MT,P00427
SP0153,MLSRLSLLSNSRAFQQARWRIYRLKVSPTVHASQ,MT,P09440
SP0154,MLSRVAKRAFSSTVANP,MT,P17505
SP0155,MLTITKRL,MT,P10355
SP0156,MMLSRAAVRSIAGARVAAHAASPLLSQRTLPAVWTRSM,MT,Q874C1
SP0157,MNNKLIYRSVRF,MT,Q04401
SP0158,MNSLIFGKQLAFHKIVPTTAIGWLVPLGNPSLQIPGQKQLGSIHRWLREKLQQDHKDTEDKDFFSNNGILL,MT,P25348
SP0159,MPKWIRSTLNHIIPRRPFICSFNSFLLLKNVSHAKLSFSMSSRGF,MT,P07271
SP0160,MPRLTVGTKNMLYPLQKTLAVGSCKPEQVPIRSLASVVESSSKIL,MT,P32387
SP0161,MQKIFRPFQLTRGFTSSVKNF,MT,P36525
SP0162,MQRFSLVTHRSFSHSCVKP,MT,P36519
SP0163,MRGFRLIAPIQRSIAIISRLQPITANFHSSPALR,MT,Q6CE48
SP0164,MRISSTLL,MT,Q04728
SP0165,MSAFVRVVPRISRSSVLTRSLRLQLRCY,MT,P12695
SP0166,MSFIQRRLLSQTLFLR,MT,P32904
SP0167,MSIVGRNAILNLRISLCPLFMGKRSFVSSPVSN,MT,P21771
SP0168,MSKFLQGSIFSISKLHVRY,MT,P31334
SP0169,MSLRILAKRSSSIWMKTRVTPALISPITITTRF,MT,P53163
SP0170,MSQAAKNVIVKLIVGAGQAAPSPPVGPALGSKGIKAIDFCKEFNARSANYQPGVPVPVLITIKPDRTFTFEMK,MT,P53875
SP0171,MSSLLKLHCIRPLPQRSVWLSGYKQKARCIHSSAANGDFMSWFKRKKQEEHQEPVKDTKQLIKDIEEGTNEASSQ,MT,Q02204
SP0172,MTIKRNLVKTLQSIRYQATTATAHAE,MT,P51998
SP0173,MTTAVRLLPSLGRTAHKRSLYLFSAAAAAAAAATFAYSQSQKRSSSSPGGGSNHGWNNWGKAAALAS,MT,P00431
SP0174,MVVRRKVHVLLIARSFHSYTPCFRVTTRGKRQRSKSKQQAK,MT,P39112
SP0175,MWKRSFHSQGGPLR,MT,P36517
SP0176,MWNPILLDTSSFSFQKHVSGVFLQVRN,MT,P12687
SP0177,MYSVLKQSIRPRLLATHNQFRT,MT,Q8WZM3
SP0178,LIGGGASGAHTAYPYASSTFHIIPSASAHVPVPSGSGSSPSGTQGGASPTFTGAGSRYDVVKGVPALVALALSLLAVL,GPI,G5EB30
SP0179,ATSASPKSYTTVTSEGSKATSLTTAISKASSAISTYSKSAAPIKTSTGIIVQSEGIAAGLNANTLNALVGIFVLAFFN,GPI,Q8TGE1
SP0180,GEPLGIEGPTNMWSPFHDGDDDESTSRRPKPKNKPSNVTSTTSYTSGMTSSSESGSSKIGVAFCQALFITVLIATLSF,GPI,Q9Y7Y7
SP0181,QMSALEVIQNLLIHDRPAPYKEDNGGTSKGDANAGMNSSTTNVLQNNLNIKKGDRAGAAIITAVILSVLTGGAVWMLF,GPI,Q05031
SP0182,KSSSGSSSKPESSTKVVSTIKSTYTTTSGSTVETLTTTYKSTVNGKVASVMSNSTNGAFAGTHIAYGAGAFAVGALLL,GPI,Q05777
SP0183,STLVPSSSVDTTSRATTSMPLESSSTQSISVSSSDGTCYVFYDDDDYYSTVYLTNPSQSVDAATTITSTNTIYATVTI,GPI,P38844
SP0184,SSTTTTTTAKKDKKTTSTTSASSTTTTSTKSNSTSPSSSSSKKHKSETASITKTGGADSVAAAAAVGGPILAALALLL,GPI,Q5AMJ5
SP0185,GSSATNAISLTADSNAVSRNSSASTMSTSYTSGSGSSNSSGSSSNSSSKSSSGASSYNLNMVITFLSVVIGGTAVLFI,GPI,Q9P378
SP0186,GTHKYGKFNKTSKSKTPNHTGTHKYGKFNKTKHDTTTYGPGEKARKNNAAPGPSNFNSIKLFGVTAGSAAVAGALLLL,GPI,P53872
SP0187,PDTTSEKSTTKTLTLTNGSGSSTNLYTKTVTQAVESSTSSSSSSSSSSSSASSSGAAPAAFQGASVGALALGLISYLL,GPI,Q08906
SP0188,ATSGGNIFTTVRTFNGTSTATTTRSTTTKKTNSTTTAKSTHKSKRALQRAATNSASSIRSTLGLLLVPSLLILSVFFS,GPI,Q12303
SP0189,SISYFASTSHSATSSSSSKGQKTQTSTTALSISKSTSSTSSTGMLSPTSSSSTRKENGGHNLNPPFFARFITAIFHHI,GPI,P53379
SP0190,PNSLIHSESISTTMAKTTDASINGDSAASNSQPTTLIQQVATSSYNQPLITTYAGSSSATKHPSWLLKFISVALFFFL,GPI,Q5A2Z7
SP0191,SEVCTPTVIETSGSVTVSSVLPSSSTEAPPKTSVAAPSTTAEAQTTAPVTSYEGGANEIVGGGSMAIALAAAAIGLVI,GPI,Q5A5U6
SP0192,DSSGNAVVWVSNSTSFDSTIQASSVNSWVKQAGADVATTLATVTGQSATTTSKKSGGVSYQPSFITNLLMTVLTLWVI,GPI,Q59L72
SP0193,SSSSSSSSSSSASSSSESSSSTSKASSSSPSASETSLLKSAASATSSSQSSSKSKGAAGIIEIPLIFRALAELYNLVL,GPI,Q08193
SP0194,SVTGGAVASASNDQSHSTSVTNSNSIVSNTPQTTLSQQVTSSSPSTNTFIASTYDGSGSIIQHSTWLYGLITLLSLFI,GPI,Q5A8T4
SP0195,GEQMSALEVMVNTRALDKPAPYTAENGGSSVGDGAAGTQAQPTNLAPLNITKGSKAGAGIITAVIGISIVACALWLVF,GPI,P36091
SP0196,GSSSASTTASSSSVSSGSSISSGSSSMSTSYTSASGSSAHSSGSSSGSSSATSSASTFNLSRFYVFAGILAISGLVFA,GPI,O13692
SP0197,NGATSTSVKLSSTSTESSKSSATSSASSSGDASNAQANVSASASSSSSSSKKSKGAAPELVPATSFMGVVAAVGVALL,GPI,P38248
SP0198,LHEKGKIEGHNYVCTHPANPSSSSKSGSSTQTGKSDSKSSDGSSSSNSSSSSKKGASNVLVVPGMVLTTALGVLLALI,GPI,Q5AGC4
SP0199,ELDVTATTVAKSASTSQSSSRSLTSSTSPSSSTGSSSSTGSSSASSSSKSKGVGNIVNVSFSQSGYLALFAGLISALL,GPI,Q03655
SP0200,SQGTKSTPVDTDSKSTSETTVMVYTTKSVTPTTVESISVAVSSAAQSSIAAISSYEGTGNNMKLSFGVVIAGVAAFAI,GPI,Q59PF9
SP0201,VPSSHTTQVEITVSSASVPASEKPTTPVTVAAVSSSPAVSTETPSLVTPAISIAGAAAVNVVPTTAFGLFAIILASIF,GPI,Q5A343
SP0202,SSLTPTVSSIFLSSSSAPSSLQTSVTTTEVSTTSISIQYQTSSMVTISQYMGSGSQTRLPLGKLVFAIMAVACNVIFS,GPI,P32323
SP0203,GLGEQTSALEVMMALIVEPPLSVKTGGTNRTDYSAGTNSEDNANKNELTITGKDKAGAGVLTAIVLAVILGGAIWMIF,GPI,Q5ACZ2
SP0204,TTKLMNGTSWIEALMEKPF,LYS,Nan
